city,latitude,longitude,timestamp,hour,day,month,pm25,pm10,no2,co,so2,o3,nh3,benzene,toluene,temperature,humidity,wind_speed,wind_direction,pressure,day_of_week,season,dist_to_road,dist_to_industry,dist_to_dump
Visakhapatnam,17.696707,83.216066,2024-01-01 00:00:00,0,1,1,0.39859437751004007,0.06929691451694481,0.08403361344537819,0.7474747474747475,0.9070351758793969,0.964322120285423,29.77,2.75,10.14,0.4166666666666661,0.004060913705583147,0.5888324873096448,74,0.8041087962962941,0,1,0.006902188421076722,0.023178442678485726,0.007775616052763291
Visakhapatnam,17.69242,83.213903,2024-01-01 01:00:00,1,1,1,0.5632530120481927,0.07789580171977739,0.961344537815126,0.393939393939394,0.24371859296482407,0.3261977573904179,24.97,2.04,20.27,0.12373737373737281,0.4101522842639591,0.23350253807106602,230,0.3359375,0,1,0.008525831865576303,0.018642687815868843,0.006559711045461438
Visakhapatnam,17.691473,83.214096,2024-01-01 02:00:00,2,1,1,0.542168674698795,0.8391502276176024,0.7949579831932773,0.06060606060606061,0.2386934673366834,0.5453618756371049,8.68,11.03,2.23,0.345959595959596,0.580710659898477,0.4314720812182742,183,0.5960648148148167,0,1,0.009459753960862188,0.01817489876174913,0.006084976992561574
Visakhapatnam,17.678262,83.223206,2024-01-01 03:00:00,3,1,1,0.6455823293172689,0.16439049064238742,0.18487394957983194,0.4545454545454546,0.9974874371859295,0.2130479102956167,8.01,12.03,2.38,0.42424242424242387,0.7675126903553293,0.6649746192893402,271,0.7722800925925917,0,1,0.0254349971496018,0.023270992243565457,0.012167952991364814
Visakhapatnam,17.690885,83.227189,2024-01-01 04:00:00,4,1,1,0.8152610441767068,0.8528072837632776,0.2084033613445378,0.30303030303030304,0.4773869346733668,0.6646279306829765,27.82,17.68,13.63,0.19696969696969724,0.7766497461928932,0.32994923857868025,188,0.109375,0,1,0.019456231546731356,0.029286941561037883,0.007243269013363659
Visakhapatnam,17.68485,83.218883,2024-01-01 05:00:00,5,1,1,0.5622489959839356,0.804754678806272,0.5243697478991597,0.6262626262626263,0.22864321608040195,0.23241590214067276,17.32,14.09,19.34,0.32828282828282784,0.8111675126903553,0.9746192893401017,182,0.8492476851851869,0,1,0.01756218064478775,0.019495901851417453,0.005269742783095788
Visakhapatnam,17.680224,83.208727,2024-01-01 06:00:00,6,1,1,0.6676706827309236,0.8952959028831563,0.41512605042016804,0.31313131313131315,0.9422110552763818,0.39449541284403666,30.55,3.07,7.64,0.4015151515151514,0.6629441624365473,0.35532994923857875,286,0.8599537037037024,0,1,0.019816929757154697,0.00872987428316595,0.014921484678144652
Visakhapatnam,17.677504,83.217441,2024-01-01 07:00:00,7,1,1,0.7891566265060239,0.5973697521497218,0.030252100840336194,0.898989898989899,0.8467336683417084,0.36085626911314983,31.23,9.34,14.46,0.002525252525252597,0.06700507614213169,0.21827411167512695,354,0.2583912037037024,0,1,0.02369469343545119,0.017618697369547142,0.012755332100736658
Visakhapatnam,17.680314,83.226367,2024-01-01 08:00:00,8,1,1,0.0,0.0,0.22016806722689075,0.08080808080808083,0.03266331658291455,0.4138634046890928,17.23,15.76,19.22,0.6666666666666661,0.11878172588832392,0.20304568527918782,352,0.10590277777777857,0,1,0.025601118823209354,0.026368869619300142,0.011591258991153918
Visakhapatnam,17.68084,83.21442,2024-01-01 09:00:00,9,1,1,0.16064257028112444,0.9726858877086495,0.6117647058823529,0.9696969696969697,0.3090452261306532,0.03465851172273188,22.96,18.47,4.08,0.14898989898989878,0.33401015228426356,0.8680203045685281,174,0.2965856481481488,0,1,0.019663214386261167,0.014444445299146493,0.01072576337609438
Visakhapatnam,17.680941,83.218118,2024-01-01 10:00:00,10,1,1,0.26204819277108427,0.9838138593829033,0.280672268907563,0.6464646464646465,0.15326633165829145,0.9724770642201834,6.12,18.14,14.88,0.6388888888888884,0.8416243654822333,0.7360406091370559,30,0.956597222222225,0,1,0.020715873261827843,0.01814242004254242,0.0092524269789062
Visakhapatnam,17.68119,83.215817,2024-01-01 11:00:00,11,1,1,0.108433734939759,0.7223065250379362,0.573109243697479,0.696969696969697,0.04020100502512558,0.5953109072375127,25.7,6.9,15.99,0.699494949494949,0.9005076142131978,0.35025380710659904,230,0.35416666666666785,0,1,0.01968892046304288,0.015861701957859145,0.009752619596805134
Visakhapatnam,17.694758,83.215989,2024-01-01 12:00:00,12,1,1,0.7690763052208833,0.8598887202832575,0.16974789915966387,0.3535353535353536,0.04773869346733667,0.45463812436289497,5.61,19.1,9.17,0.699494949494949,0.8873096446700499,0.1878172588832488,244,0.7468171296296262,0,1,0.007959063072999567,0.021758830046666348,0.006223076811355798
Visakhapatnam,17.694427,83.227259,2024-01-01 13:00:00,13,1,1,0.31726907630522083,0.6115326251896813,0.5260504201680672,0.7575757575757576,0.736180904522613,0.4148827726809378,17.98,2.26,2.47,0.30050505050505016,0.3319796954314711,0.6548223350253809,238,0.0,0,1,0.018136466304115657,0.030841391181334245,0.008502435533426125
Visakhapatnam,17.693608,83.222268,2024-01-01 14:00:00,14,1,1,0.8514056224899598,0.40971168437025796,0.5294117647058824,0.7474747474747475,0.05276381909547734,0.08358817533129459,5.66,12.09,19.17,0.42424242424242387,0.6152284263959382,0.6142131979695432,128,0.5243055555555571,0,1,0.013833346955821012,0.02609677160109843,0.004261629735207241
Visakhapatnam,17.695499,83.214901,2024-01-01 15:00:00,15,1,1,0.970883534136546,0.9509357612544258,0.31596638655462184,0.20202020202020204,0.42713567839195976,0.012232415902140692,11.24,17.72,7.76,1.0,0.7147208121827413,0.46700507614213205,242,0.5720486111111107,0,1,0.006654231886552816,0.021500204696697715,0.007499253429509982
Visakhapatnam,17.694616,83.211272,2024-01-01 16:00:00,16,1,1,0.16465863453815255,0.07738998482549314,0.7831932773109243,0.1616161616161616,0.7889447236180904,0.8226299694189603,17.07,8.68,15.29,0.487373737373737,0.7309644670050757,0.41116751269035545,132,0.05121527777777857,0,1,0.005532218361561105,0.018457666157989855,0.009873471527283286
Visakhapatnam,17.684158,83.217571,2024-01-01 17:00:00,17,1,1,0.5301204819277108,0.22711178553363676,0.7529411764705882,0.48484848484848486,0.16582914572864316,1.0,38.11,5.46,11.54,0.33585858585858475,0.244670050761421,0.1624365482233503,291,0.11776620370370239,0,1,0.017558160638294976,0.018056273286593098,0.006326847951387543
Visakhapatnam,17.687319,83.211824,2024-01-01 18:00:00,18,1,1,0.7821285140562247,0.5154274152756702,0.0991596638655462,0.6767676767676768,0.1633165829145728,1.0,18.58,15.86,2.98,0.23484848484848442,0.9421319796954313,0.31472081218274117,334,0.30787037037037024,0,1,0.01281150799086557,0.013905924528766505,0.008604344077273486
Visakhapatnam,17.679886,83.211745,2024-01-01 19:00:00,19,1,1,0.3162650602409638,0.15376833586241778,0.9747899159663864,0.696969696969697,0.33919597989949746,0.6228338430173292,7.25,13.28,16.57,0.060606060606059664,0.3187817258883241,0.918781725888325,318,0.38773148148148096,0,1,0.0201895522733908,0.011745553243665384,0.013055191342914916
Visakhapatnam,17.682499,83.216234,2024-01-01 20:00:00,20,1,1,0.38654618473895574,0.5624683864441072,0.020168067226890796,0.8080808080808082,0.4497487437185929,0.7003058103975535,27.5,9.21,17.78,0.7904040404040398,0.9989847715736042,0.47208121827411176,247,0.5572916666666679,0,1,0.01857815267996403,0.01642521710662937,0.008393316209938169
Visakhapatnam,17.689976,83.22353,2024-01-01 21:00:00,21,1,1,0.9508032128514055,0.5887708649468892,0.5260504201680672,0.6868686868686869,0.27135678391959794,0.5331294597349643,38.48,7.28,2.08,0.7752525252525251,0.9167512690355322,0.6852791878172589,241,0.5726273148148131,0,1,0.01683868985402473,0.025557415284017768,0.003530081585457275
Visakhapatnam,17.685458,83.219559,2024-01-01 22:00:00,22,1,1,0.9036144578313251,0.7384926656550329,0.2857142857142857,0.9797979797979799,0.4497487437185929,0.11009174311926606,14.02,17.04,21.71,0.962121212121211,0.6375634517766491,0.4873096446700509,138,0.8547453703703738,0,1,0.017402420664957955,0.020306261226529322,0.004563358960239934
Visakhapatnam,17.692183,83.221907,2024-01-01 23:00:00,23,1,1,0.7138554216867469,0.8523014668689934,1.0,0.6060606060606061,0.04271356783919594,0.6952089704383282,24.07,13.8,21.05,0.4823232323232318,0.1786802030456851,0.5634517766497462,49,0.19299768518518334,0,1,0.014243670102897524,0.02506675363903259,0.0028986441658135514
Visakhapatnam,17.680098,83.226096,2024-01-02 00:00:00,0,2,1,0.9929718875502007,0.22154779969650984,0.19159663865546217,0.595959595959596,0.2663316582914572,0.3200815494393476,37.0,3.02,10.61,0.2676767676767673,0.4842639593908622,0.7817258883248732,322,0.8761574074074012,1,1,0.025596304811438684,0.026096184012222228,0.011628018747834862
Visakhapatnam,17.680663,83.22638,2024-01-02 01:00:00,1,2,1,0.7178714859437749,0.7359635811836115,0.8890756302521008,0.25252525252525254,0.11055276381909546,0.6717635066258919,37.27,4.61,24.71,0.9520202020202015,0.9289340101522843,0.6497461928934012,341,0.40335648148148096,1,1,0.025342138208927997,0.026388330166953855,0.011308579442181563
Visakhapatnam,17.681693,83.216246,2024-01-02 02:00:00,2,2,1,0.8132530120481927,0.09711684370257967,0.8436974789915965,0.6868686868686869,0.2688442211055276,0.030581039755351647,20.53,7.59,9.37,0.5505050505050502,0.2121827411167505,0.4923857868020305,41,0.6001157407407405,1,1,0.019343183941638403,0.01633397578667993,0.00911585240117673
Visakhapatnam,17.692708,83.208707,2024-01-02 03:00:00,3,2,1,0.28714859437750995,0.8993424380374304,0.13781512605042018,0.25252525252525254,0.4773869346733668,0.3853211009174312,38.84,14.18,8.93,0.5808080808080804,0.677157360406091,0.5228426395939088,96,0.010995370370370239,1,1,0.007405748645475905,0.015404710740550054,0.011613143975680135
Visakhapatnam,17.685445,83.220001,2024-01-02 04:00:00,4,2,1,0.3263052208835341,0.4941831057157309,0.6823529411764706,0.5252525252525253,0.2688442211055276,0.308868501529052,32.89,5.55,14.27,0.7348484848484844,0.6467005076142129,0.6294416243654823,15,0.1385995370370381,1,1,0.01765978555928667,0.020728917627308916,0.004555000109769347
Visakhapatnam,17.682277,83.208822,2024-01-02 05:00:00,5,2,1,0.17971887550200794,0.8978249873545776,0.7831932773109243,0.08080808080808083,0.6884422110552764,0.10091743119266056,33.43,10.79,23.75,0.6035353535353529,0.49340101522842605,0.8883248730964469,129,0.13657407407407263,1,1,0.017762106096969352,0.009111114805549821,0.013586479050882018
Visakhapatnam,17.685671,83.209931,2024-01-02 06:00:00,6,2,1,0.9146586345381524,0.23267577137076378,0.734453781512605,0.2727272727272727,0.3969849246231155,0.6850152905198776,32.87,7.51,18.93,0.7601010101010104,0.6791878172588826,0.2233502538071066,347,0.8718171296296298,1,1,0.014329166130658145,0.011436127054203585,0.010960155199633193
Visakhapatnam,17.68763,83.212478,2024-01-02 07:00:00,7,2,1,0.26907630522088344,0.6656550328780981,0.6033613445378151,0.5050505050505051,0.8065326633165828,0.22833843017329253,14.27,19.72,3.78,0.08333333333333215,0.41319796954314736,0.6802030456852792,268,0.06336805555555358,1,1,0.012615759350909838,0.01462591480899646,0.007886531810620526
Visakhapatnam,17.689239,83.223455,2024-01-02 08:00:00,8,2,1,0.7228915662650601,0.6464339908952959,0.7495798319327731,0.2222222222222222,0.185929648241206,0.6748216106014271,8.75,6.0,8.53,0.1464646464646453,0.4385786802030456,0.20304568527918782,124,0.5535300925925917,1,1,0.017228933397055512,0.025209048891220463,0.0035378165582768436
Visakhapatnam,17.68587,83.227627,2024-01-02 09:00:00,9,2,1,0.5090361445783131,0.6474456246838645,0.19159663865546217,0.8787878787878789,0.8190954773869346,0.31396534148827726,32.69,6.21,3.41,0.6111111111111107,0.8883248730964466,0.9898477157360407,70,0.8148148148148131,1,1,0.022591326410817528,0.028243725480179928,0.00867340930661008
Visakhapatnam,17.695938,83.220896,2024-01-02 10:00:00,10,2,1,0.13554216867469876,0.2397572078907435,0.025210084033613467,0.898989898989899,0.9522613065326633,0.7390417940876656,26.22,8.04,16.51,0.7651515151515147,0.32791878172588795,0.16751269035532995,77,0.005497685185183343,1,1,0.011628527851797658,0.026280461563674765,0.00600521939649173
Visakhapatnam,17.680438,83.225557,2024-01-02 11:00:00,11,2,1,0.39056224899598385,0.9610520991401112,0.8655462184873949,0.7676767676767677,0.4195979899497487,0.236493374108053,26.8,1.23,23.54,0.8888888888888884,0.06802030456852659,0.7512690355329951,225,0.8926504629629619,1,1,0.02499384110136048,0.025560752981858597,0.011059479779808994
Visakhapatnam,17.677814,83.215721,2024-01-02 12:00:00,12,2,1,0.17971887550200794,0.48963075366717246,0.9042016806722688,0.6363636363636365,0.4497487437185929,0.17635066258919468,23.21,16.12,14.52,0.05555555555555536,0.8659898477157357,0.7360406091370559,322,0.4233217592592595,1,1,0.022911753250242507,0.015872253683707538,0.012915434061616668
Visakhapatnam,17.680996,83.220133,2024-01-02 13:00:00,13,2,1,0.6666666666666665,0.19828022255943345,0.4436974789915966,0.14141414141414144,0.3944723618090452,0.5575942915392457,11.81,12.27,2.97,0.45202020202020154,0.8629441624365484,0.5126903553299493,48,0.5454282407407405,1,1,0.021536705992332462,0.020157621511479304,0.009004982232076731
Visakhapatnam,17.678929,83.214114,2024-01-02 14:00:00,14,2,1,0.934738955823293,0.7754172989377845,0.2285714285714286,0.5454545454545455,0.9547738693467336,0.8766564729867481,24.15,12.06,6.63,0.8106060606060606,0.7624365482233504,0.1979695431472081,84,0.3857060185185155,1,1,0.02146886203318601,0.014154576539048374,0.012538422428681804
Visakhapatnam,17.689129,83.216765,2024-01-02 15:00:00,15,2,1,0.05722891566265059,0.377845220030349,0.15798319327731092,0.03030303030303033,0.8090452261306531,0.4892966360856269,35.15,6.29,21.74,0.2626262626262621,0.0,0.20304568527918782,350,0.8159722222222214,1,1,0.012804056622804275,0.01908936525921623,0.0033502038743968617
Visakhapatnam,17.679381,83.208921,2024-01-02 16:00:00,16,2,1,0.10441767068273089,0.03692463328275164,0.4453781512605042,0.2727272727272727,0.6658291457286432,0.2915392456676861,11.28,3.12,4.52,0.8838383838383832,0.3654822335025374,0.4314720812182742,90,0.10474537037037024,1,1,0.020647212935405498,0.008942449440730181,0.015346250421517764
Visakhapatnam,17.694651,83.209723,2024-01-02 17:00:00,17,2,1,0.4096385542168674,0.49822964087000504,0.3260504201680672,0.787878787878788,0.7839195979899496,0.8705402650356778,13.62,15.96,24.99,0.6186868686868685,0.11878172588832392,0.1624365482233503,241,0.3671875,1,1,0.005356167473108637,0.017583757562020144,0.011280449015887371
Visakhapatnam,17.67701,83.208807,2024-01-02 18:00:00,18,2,1,0.19477911646586343,0.6272129489124937,0.21344537815126052,0.3535353535353536,0.12311557788944721,0.9123343527013251,33.15,16.29,20.6,0.28787878787878807,0.05989847715735941,0.6954314720812184,322,0.8512731481481453,1,1,0.02302093284382726,0.00930071766047282,0.017147109056636422
Visakhapatnam,17.678272,83.220037,2024-01-02 19:00:00,19,2,1,0.40662650602409633,0.6995447647951442,0.7563025210084033,0.24242424242424243,0.6608040201005024,0.32313965341488277,34.77,18.74,13.36,0.3989898989898979,0.7959390862944158,0.2994923857868021,147,0.3185763888888893,1,1,0.023934229734842185,0.02011137372235132,0.011728058364453854
Visakhapatnam,17.69312,83.21685,2024-01-02 20:00:00,20,2,1,0.45180722891566255,0.9822964087000505,0.5092436974789916,0.2828282828282829,0.4597989949748743,0.11416921508664629,7.23,8.57,11.51,0.9671717171717162,0.5197969543147201,0.6598984771573606,336,0.33535879629629406,1,1,0.009708599281048991,0.02135548875581433,0.00443361026704272
Visakhapatnam,17.677427,83.218211,2024-01-02 21:00:00,21,2,1,0.1937751004016064,0.45220030349013657,0.5411764705882353,0.6161616161616162,0.4773869346733668,0.5759429153924567,22.87,18.09,23.81,0.20202020202020154,0.6578680203045684,0.36548223350253817,70,0.05063657407407618,1,1,0.024020009367191026,0.018391869127409626,0.012699639758670367
Visakhapatnam,17.681457,83.217108,2024-01-02 22:00:00,22,2,1,0.2951807228915662,0.8098128477491149,0.38823529411764707,0.5656565656565657,0.8266331658291457,0.17838939857288477,28.8,17.75,13.33,0.3535353535353529,0.9106598984771574,0.005076142131979683,252,0.4673032407407405,1,1,0.019858663424307834,0.01716993048907813,0.009019230177792778
Visakhapatnam,17.682203,83.217784,2024-01-02 23:00:00,23,2,1,0.8313253012048192,0.8654527061203844,0.7512605042016807,0.5353535353535354,0.9899497487437185,0.9714576962283383,27.73,6.27,21.28,0.5808080808080804,0.345177664974619,0.2944162436548224,89,0.06828703703703809,1,1,0.01942482599664525,0.017919929268825678,0.008105792064938474
Visakhapatnam,17.684428,83.228035,2024-01-03 00:00:00,0,3,1,0.3925702811244979,0.6641375821952453,0.9058823529411764,0.1616161616161616,0.3115577889447236,0.7084607543323139,10.5,6.32,6.54,0.9015151515151514,0.1654822335025372,0.6903553299492386,258,0.14959490740740833,2,1,0.02382747172908591,0.028382537043050927,0.00977795525660228
Visakhapatnam,17.683046,83.2248,2024-01-03 01:00:00,1,3,1,0.4467871485943774,0.3318158826504805,0.7109243697478991,0.6767676767676768,0.321608040201005,0.7930682976554535,29.26,10.09,18.75,0.7727272727272716,0.8883248730964466,0.3197969543147208,36,0.7650462962962941,2,1,0.02250506867352742,0.024986358598242362,0.008449740587736045
Visakhapatnam,17.683116,83.216713,2024-01-03 02:00:00,2,3,1,0.7419678714859437,0.24076884167931206,0.7848739495798318,0.0505050505050505,0.7060301507537687,0.0,18.72,5.48,21.42,0.8080808080808071,0.08527918781725852,0.6091370558375635,34,0.16550925925925597,2,1,0.018169585163126296,0.017000994823828674,0.007628487726937955
Visakhapatnam,17.688339,83.223147,2024-01-03 03:00:00,3,3,1,0.23694779116465858,0.5326251896813353,0.44201680672268906,0.24242424242424243,0.4497487437185929,0.8419979612640163,18.54,12.7,6.87,0.1363636363636358,0.257868020304568,0.20304568527918782,120,0.8234953703703667,2,1,0.017573347148454595,0.024603303233503727,0.003558444885058271
Visakhapatnam,17.692695,83.224477,2024-01-03 04:00:00,4,3,1,0.31124497991967864,0.2852807283763278,0.27899159663865547,0.8080808080808082,0.5753768844221105,0.04077471967380225,8.19,4.45,8.91,0.3813131313131315,0.3116751269035527,0.8629441624365483,294,0.09953703703703454,2,1,0.016215626845730174,0.02757329421740438,0.005225567337614616
Visakhapatnam,17.690253,83.216242,2024-01-03 05:00:00,5,3,1,0.6546184738955823,0.17197774405665145,0.26218487394957984,0.15151515151515155,0.7562814070351758,0.44852191641182465,17.32,15.46,2.33,0.7676767676767673,0.15025380710659864,0.3857868020304569,70,0.8463541666666643,2,1,0.01157439298624425,0.019207461388733506,0.003766506737022349
Visakhapatnam,17.68108,83.223228,2024-01-03 06:00:00,6,3,1,0.9126506024096384,0.28123419322205356,0.4,0.6565656565656566,0.6909547738693467,0.7054026503567787,36.68,10.43,5.13,0.22727272727272663,0.5543147208121821,0.8680203045685281,257,0.13136574074074048,2,1,0.0230856315486547,0.023253094073695857,0.009486115327152768
Visakhapatnam,17.695227,83.224233,2024-01-03 07:00:00,7,3,1,0.9387550200803212,0.5407182599898837,0.3697478991596639,0.04040404040404039,0.21356783919597988,0.05810397553516822,5.41,3.55,24.48,0.6944444444444438,0.9096446700507608,0.1878172588832488,240,0.6296296296296298,2,1,0.015011989142019988,0.02861991995096692,0.006726055158855861
Visakhapatnam,17.677669,83.215852,2024-01-03 08:00:00,8,3,1,0.4608433734939758,0.5680323722812342,0.5764705882352941,0.7777777777777779,0.5201005025125628,0.14678899082568808,13.16,2.48,18.92,0.378787878787878,0.7025380710659892,0.5786802030456853,135,0.2242476851851869,2,1,0.023085048516300482,0.01602246750659344,0.01300997559567262
Visakhapatnam,17.690876,83.211861,2024-01-03 09:00:00,9,3,1,0.23995983935742965,0.3874557410217501,0.5411764705882353,0.9797979797979799,0.49999999999999994,0.18144750254841996,18.46,14.39,6.92,0.6616161616161618,0.07918781725888202,0.9796954314720815,285,0.1484375,2,1,0.009311857870479863,0.01609256651376345,0.008186006169066512
Visakhapatnam,17.683089,83.210184,2024-01-03 10:00:00,10,3,1,0.11144578313253006,0.5472938796155792,0.2504201680672269,0.6464646464646465,0.5452261306532663,0.34352701325178386,19.4,8.94,12.56,0.8585858585858581,0.4426395939086296,0.8934010152284265,325,0.6151620370370381,2,1,0.016912000975638962,0.010642169750567771,0.012004823072417445
Visakhapatnam,17.687161,83.216171,2024-01-03 11:00:00,11,3,1,0.15461847389558225,0.18108244815376834,0.2890756302521008,0.4646464646464647,0.6557788944723617,0.9745158002038736,22.35,3.62,15.61,0.15656565656565657,0.39289340101522807,0.7868020304568529,68,0.613715277777775,2,1,0.014245039908687557,0.01768562020399617,0.004766672004656819
Visakhapatnam,17.679836,83.222154,2024-01-03 12:00:00,12,3,1,0.9036144578313251,0.17804754678806267,0.45714285714285713,0.98989898989899,0.6733668341708542,0.15392456676860344,15.09,1.28,6.61,0.9191919191919187,0.49949238578680166,0.035532994923857864,299,0.5842013888888857,2,1,0.023543717038737456,0.022154607015246724,0.010389735896547675
Visakhapatnam,17.692501,83.217921,2024-01-03 13:00:00,13,3,1,0.6736947791164658,0.5123925139099645,0.1512605042016807,0.13131313131313133,0.04773869346733667,0.4097859327217125,5.58,1.64,18.47,0.5707070707070709,0.2639593908629436,0.3045685279187818,62,0.6886574074074048,2,1,0.01090766895354602,0.02185033734293479,0.0032522672091899662
Visakhapatnam,17.678464,83.228419,2024-01-03 14:00:00,14,3,1,0.9407630522088352,0.9069296914516944,0.653781512605042,0.08080808080808083,0.18090452261306528,0.05912334352701326,16.96,1.8,18.76,0.2803030303030294,0.9106598984771574,0.24365482233502544,347,0.7977430555555536,2,1,0.028338293120797033,0.028460478861044608,0.014281416491372576
Visakhapatnam,17.692398,83.222712,2024-01-03 15:00:00,15,3,1,0.6897590361445782,0.6170966110268082,0.0,0.0,0.20351758793969849,0.4862385321100917,28.79,1.6,14.75,0.5378787878787872,0.546192893401015,0.8832487309644671,70,0.5251736111111107,2,1,0.014811662567050715,0.025875574351112623,0.003620130936860005
Visakhapatnam,17.685192,83.215903,2024-01-03 16:00:00,16,3,1,0.5210843373493975,0.8305513404147699,0.8168067226890756,0.101010101010101,0.778894472361809,0.3751274209989806,32.55,8.28,19.73,0.16161616161616177,0.633502538071065,0.06598984771573604,300,0.7097800925925917,2,1,0.015941213034145186,0.016729084643214452,0.0063168245978512455
Visakhapatnam,17.692657,83.21031,2024-01-03 17:00:00,17,3,1,0.1275100401606425,0.8603945371775417,0.5815126050420167,0.15151515151515155,0.8592964824120601,0.6564729867482161,37.0,6.12,7.9,0.16666666666666607,0.3918781725888323,0.5989847715736042,4,0.668981481481481,2,1,0.007349540733949982,0.016324697516343255,0.010047673810382213
Visakhapatnam,17.681189,83.212198,2024-01-03 18:00:00,18,3,1,0.46787148594377503,0.291350531107739,0.9210084033613445,0.38383838383838387,0.8366834170854272,0.3873598369011213,14.58,13.2,16.29,0.3560606060606055,0.5522842639593906,0.7208121827411168,66,0.3576388888888893,2,1,0.018938978985151518,0.012255811886609137,0.011768811537279192
Visakhapatnam,17.695167,83.225995,2024-01-03 19:00:00,19,3,1,0.9216867469879517,0.5715730905412241,0.07226890756302523,0.898989898989899,0.1080402010050251,0.6799184505606524,12.64,4.73,5.13,0.9393939393939386,0.8446700507614215,0.46192893401015234,50,0.9053819444444464,2,1,0.01670921643884295,0.030096144503902394,0.007914411791155752
Visakhapatnam,17.686629,83.214986,2024-01-03 20:00:00,20,3,1,0.7058232931726907,0.4001011633788568,0.7815126050420167,0.3434343434343434,0.9999999999999999,0.7155963302752293,7.8,12.12,16.88,0.2525252525252517,0.16852791878172546,0.5228426395939088,133,0.20804398148148096,2,1,0.014270383211392974,0.01638669695209506,0.006041840530834667
Visakhapatnam,17.688542,83.20979,2024-01-03 21:00:00,21,3,1,0.6546184738955823,0.5670207384926657,0.7697478991596638,0.18181818181818182,0.1507537688442211,0.6044852191641182,21.03,15.67,24.18,0.42676767676767646,0.008121827411167182,0.19289340101522845,125,0.4322916666666643,2,1,0.01145992425803685,0.012992685018884396,0.010313576683188682
Visakhapatnam,17.688506,83.210763,2024-01-03 22:00:00,22,3,1,0.7971887550200802,0.5397066262013152,0.37478991596638656,0.31313131313131315,0.7989949748743718,0.19673802242609584,38.03,2.82,17.65,0.2727272727272716,0.5705583756345174,0.19289340101522845,332,0.2635995370370381,2,1,0.011519297070567576,0.013718389300495492,0.009357040397475121
Visakhapatnam,17.691914,83.228325,2024-01-03 23:00:00,23,3,1,0.22389558232931722,0.7622660596863935,0.7411764705882352,0.4747474747474748,0.8693467336683416,0.9347604485219163,37.25,6.08,21.16,0.9141414141414135,0.8456852791878173,0.08629441624365483,5,0.0934606481481488,2,1,0.020029703467603785,0.030728635195851978,0.008542190644090357
Visakhapatnam,17.694545,83.219021,2024-01-04 00:00:00,0,4,1,0.4427710843373493,0.6251896813353566,0.12605042016806722,0.8383838383838385,0.7311557788944723,0.06422018348623848,15.74,18.33,14.63,0.7651515151515147,0.24974619289339994,0.6954314720812184,239,0.7653356481481453,3,1,0.010542080724413505,0.023944842158591585,0.004649243594392971
Visakhapatnam,17.688272,83.218953,2024-01-04 01:00:00,1,4,1,0.4548192771084336,0.002023267577137,0.6067226890756302,0.6161616161616162,0.07286432160804018,0.9276248725790011,16.57,1.34,3.39,0.2702020202020199,0.2324873096446698,0.7969543147208122,323,0.3524305555555536,3,1,0.01475473459605585,0.020679511430396112,0.0020204437631370516
Visakhapatnam,17.690808,83.224019,2024-01-04 02:00:00,2,4,1,0.5853413654618472,0.9008598887202832,0.2504201680672269,0.19191919191919193,0.12562814070351758,0.06727828746177372,14.88,2.52,10.29,0.15909090909090828,0.3238578680203039,0.6852791878172589,23,0.051793981481480955,3,1,0.016763806996028915,0.0263386640701423,0.0040994176415675414
Visakhapatnam,17.680953,83.217085,2024-01-04 03:00:00,3,4,1,0.09638554216867462,0.32574607991906923,0.3983193277310924,0.98989898989899,0.6231155778894472,0.47196738022426094,26.66,3.52,18.32,0.15656565656565657,0.12588832487309531,0.5583756345177665,79,0.4881365740740726,3,1,0.020322043056741828,0.01711155849125991,0.009505021514970588
Visakhapatnam,17.687577,83.22327,2024-01-04 04:00:00,4,4,1,0.6335341365461846,0.6176024279210925,0.28403361344537814,0.7272727272727273,0.9095477386934672,0.6768603465851172,17.44,11.94,17.35,0.8712121212121202,0.6010152284263954,0.4568527918781726,28,0.04253472222222143,3,1,0.018177563890689755,0.024472511701904644,0.004069868425392273
Visakhapatnam,17.695689,83.225404,2024-01-04 05:00:00,5,4,1,0.8795180722891565,0.037936267071320195,0.8033613445378152,0.6363636363636365,0.8391959798994975,0.3496432212028542,6.66,18.88,8.54,0.699494949494949,0.12081218274111638,0.16751269035532995,146,0.1354166666666643,3,1,0.015995872498869697,0.02985813016583232,0.00784652388003684
Visakhapatnam,17.689477,83.212347,2024-01-04 06:00:00,6,4,1,0.6797188755020079,0.7910976226605968,0.5512605042016807,0.7676767676767677,0.879396984924623,0.33129459734964317,19.97,19.39,9.53,0.005050505050504306,0.2060913705583749,0.4974619289340102,144,0.6148726851851869,3,1,0.01078155545364323,0.015564765915354812,0.007670849887729169
Visakhapatnam,17.686278,83.226131,2024-01-04 07:00:00,7,4,1,0.937751004016064,0.16489630753667173,0.4672268907563025,0.0505050505050505,0.38442211055276376,0.6493374108053007,25.48,1.51,1.19,0.737373737373737,0.2791878172588831,0.36548223350253817,347,0.19618055555555713,3,1,0.0211778763099605,0.02687456874071885,0.007172338879330327
Visakhapatnam,17.693756,83.222399,2024-01-04 08:00:00,8,4,1,0.14759036144578308,0.4056651492159838,0.6,0.1717171717171717,0.37437185929648237,0.29561671763506625,19.74,18.73,6.81,0.9722222222222223,0.768527918781726,0.918781725888325,318,0.03472222222222143,3,1,0.013882461489232948,0.026285789640026137,0.004456763063028963
Visakhapatnam,17.681425,83.219274,2024-01-04 09:00:00,9,4,1,0.5170682730923694,0.787556904400607,0.07226890756302523,0.12121212121212122,0.3969849246231155,0.06320081549439349,19.38,4.96,20.13,0.07323232323232265,0.3705583756345172,0.5583756345177665,244,0.651331018518519,3,1,0.020761447468807016,0.01932660603933968,0.008605678416023221
Visakhapatnam,17.689887,83.215322,2024-01-04 10:00:00,10,4,1,0.934738955823293,0.2862923621648963,0.19495798319327728,0.6767676767676768,0.6180904522613064,0.6197757390417941,7.57,10.4,7.25,0.8232323232323235,0.34213197969543074,0.30964467005076146,73,0.8153935185185155,3,1,0.011427880512154525,0.018235033671477247,0.004679364593615851
Visakhapatnam,17.690657,83.218775,2024-01-04 11:00:00,11,4,1,0.032128514056224855,0.8963075366717248,0.5394957983193277,0.8383838383838385,0.7185929648241205,0.5932721712538226,19.3,12.58,8.23,0.5404040404040398,0.935025380710659,0.17258883248730966,45,0.7743055555555536,3,1,0.012817654777686746,0.02158870709421244,0.0013900625885236433
Visakhapatnam,17.681068,83.219588,2024-01-04 12:00:00,12,4,1,0.7851405622489959,0.69549822964087,0.7445378151260504,0.48484848484848486,0.321608040201005,0.1498470948012232,33.12,2.28,22.51,0.31060606060606055,0.41522842639593893,0.5736040609137056,283,0.6345486111111107,3,1,0.021221460081722304,0.019617093770483797,0.008941496966393512
Visakhapatnam,17.677423,83.209608,2024-01-04 13:00:00,13,4,1,0.9608433734939757,0.7683358624178047,0.3126050420168067,0.595959595959596,0.0,0.5983690112130479,39.33,10.89,3.88,0.4116161616161609,0.30862944162436534,0.6395939086294418,250,0.5480324074074048,3,1,0.022580402852914645,0.009947592321762818,0.01631485804412417
Visakhapatnam,17.678909,83.212035,2024-01-04 14:00:00,14,4,1,0.18875502008032125,0.5295902883156297,0.32941176470588235,0.98989898989899,0.9346733668341707,0.4821610601427115,15.9,8.92,15.12,0.7727272727272716,0.7553299492385781,0.4974619289340102,15,0.5923032407407369,3,1,0.021188947732248515,0.012084349630821419,0.01365472467682845
Visakhapatnam,17.690953,83.219465,2024-01-04 15:00:00,15,4,1,0.6787148594377509,0.09812847749114817,0.1445378151260504,0.20202020202020204,0.15829145728643212,0.9724770642201834,25.39,4.18,1.14,0.8737373737373737,0.9390862944162439,0.2944162436548224,141,0.20630787037037024,3,1,0.013093297292893442,0.0223350494514762,0.0010929016424168774
Visakhapatnam,17.679206,83.214661,2024-01-04 16:00:00,16,4,1,0.9999999999999998,0.285786545270612,0.5092436974789916,0.9494949494949496,0.64321608040201,0.8756371049949031,35.68,18.43,15.61,0.0101010101010095,0.13604060913705496,0.1979695431472081,69,0.06365740740740478,3,1,0.021309982566864383,0.014682484701170652,0.012042232226623541
Visakhapatnam,17.679814,83.217275,2024-01-04 17:00:00,17,4,1,0.34036144578313243,0.2706120384420839,0.20504201680672268,0.494949494949495,0.7236180904522612,0.18960244648318042,21.92,7.21,3.61,0.9898989898989896,0.23045685279187733,0.02030456852791876,335,0.7798032407407369,3,1,0.021456938761157403,0.017276001302382687,0.010544203194173008
Visakhapatnam,17.689428,83.21781,2024-01-04 18:00:00,18,4,1,0.3082329317269076,0.24633282751643898,0.28739495798319326,0.7777777777777779,0.693467336683417,0.07441386340468914,36.89,19.18,2.32,0.833333333333333,0.38781725888324825,0.06598984771573604,124,0.9528356481481453,3,1,0.013143944765560089,0.020151508231392917,0.0022634672518056925
Visakhapatnam,17.685526,83.217902,2024-01-04 19:00:00,19,4,1,0.216867469879518,0.6600910470409711,0.1512605042016807,0.23232323232323232,0.5703517587939698,0.7563710499490316,12.55,17.7,21.62,0.2727272727272716,0.7157360406091371,0.42131979695431476,111,0.9568865740740762,3,1,0.01649055123396482,0.018735481845944646,0.004941485606579488
Visakhapatnam,17.683489,83.219494,2024-01-04 20:00:00,20,4,1,0.23192771084337344,0.7693474962063733,0.0991596638655462,0.6565656565656566,0.8819095477386933,0.26605504587155965,20.61,15.54,11.05,0.22727272727272663,0.015228426395938577,0.8172588832487311,4,0.5083912037037024,3,1,0.019045974824093263,0.019803766232709404,0.006530632205230801
Visakhapatnam,17.683827,83.219152,2024-01-04 21:00:00,21,4,1,0.7961847389558232,0.2994436014162873,0.6151260504201681,0.0505050505050505,0.34170854271356776,0.8623853211009174,33.67,11.51,22.54,0.5883838383838373,0.24162436548223276,0.6294416243654823,308,0.5263310185185155,3,1,0.018582923155412188,0.019530617834560962,0.006230973679932656
Visakhapatnam,17.696057,83.215516,2024-01-04 22:00:00,22,4,1,0.8905622489959838,1.0,0.5109243697478991,0.2727272727272727,0.7738693467336684,0.3934760448521916,37.29,2.56,21.47,0.9671717171717162,0.6365482233502533,0.3756345177664976,62,0.4933449074074048,3,1,0.006780376464474342,0.02232875959384488,0.007536146561740033
Visakhapatnam,17.688011,83.219412,2024-01-04 23:00:00,23,4,1,0.4548192771084336,0.18310571573090534,0.7478991596638656,0.7676767676767677,0.4597989949748743,0.7390417940876656,9.56,19.79,1.88,0.4898989898989896,0.08121827411167448,0.005076142131979683,15,0.7936921296296262,3,1,0.015242108285936576,0.021000044404717318,0.002074093778014713
Visakhapatnam,17.689157,83.223406,2024-01-05 00:00:00,0,5,1,0.6546184738955823,0.7698533131006575,0.7327731092436974,0.4747474747474748,0.914572864321608,0.14780835881753313,8.56,13.31,15.09,0.8611111111111107,0.3989847715736037,0.6395939086294418,49,0.33680555555555713,4,1,0.017242142703273296,0.02513347339704096,0.0035087725774104453
Visakhapatnam,17.681078,83.220986,2024-01-05 01:00:00,1,5,1,0.23192771084337344,0.8426909458775923,0.22184873949579836,0.2727272727272727,0.04020100502512558,0.9113149847094801,39.37,16.96,13.0,0.6919191919191912,0.5624365482233502,0.7106598984771575,8,0.30034722222222143,4,1,0.02187999725777069,0.021013668884793224,0.00897631773056349
Visakhapatnam,17.686198,83.216086,2024-01-05 02:00:00,2,5,1,0.3915662650602409,0.6191198786039454,0.9747899159663864,0.6767676767676768,0.8266331658291457,0.8205912334352701,5.16,14.57,18.32,0.4848484848484853,0.9401015228426397,0.3045685279187818,266,0.8483796296296298,4,1,0.0150842500642253,0.017238752855124405,0.005456610669633705
Visakhapatnam,17.688358,83.221853,2024-01-05 03:00:00,3,5,1,0.2751004016064256,0.2635306019221042,0.19159663865546217,0.13131313131313133,0.3668341708542713,0.01732925586136591,23.32,10.09,23.88,0.33585858585858475,0.690355329949238,0.015228426395939104,307,0.010995370370370239,4,1,0.016614143763673535,0.023396789801161073,0.0024758378379833496
Visakhapatnam,17.695421,83.224806,2024-01-05 04:00:00,4,5,1,0.29718875502008024,0.46181082448153765,0.6050420168067226,0.2222222222222222,0.09547738693467334,0.43730886850152906,20.11,2.62,13.16,0.7171717171717171,0.7390862944162429,0.918781725888325,273,0.8003472222222214,4,1,0.015497899115693398,0.02920864387471461,0.007244644711785534
Visakhapatnam,17.684547,83.217691,2024-01-05 05:00:00,5,5,1,0.6054216867469878,0.2473444613050076,0.001680672268907557,0.9595959595959597,0.507537688442211,0.34046890927624873,35.23,12.51,6.42,0.29797979797979757,1.0,0.5076142131979696,221,0.19097222222222499,4,1,0.017261132349882313,0.018265998193363577,0.00592171343447282
Visakhapatnam,17.680835,83.210531,2024-01-05 06:00:00,6,5,1,0.15863453815261036,0.52250885179565,0.29075630252100837,0.2727272727272727,0.4095477386934673,0.10091743119266056,30.59,11.36,6.31,0.45707070707070674,0.23654822335025294,0.42131979695431476,99,0.11603009259259167,4,1,0.019172354732792937,0.010564051590180907,0.013177981104857213
Visakhapatnam,17.687893,83.215619,2024-01-05 07:00:00,7,5,1,0.5652610441767068,0.3206879109762266,0.7260504201680672,0.8686868686868687,0.12562814070351758,0.3129459734964322,39.12,2.5,18.36,0.42171717171717216,0.9309644670050758,0.15736040609137059,340,0.7065972222222214,4,1,0.013347382140334497,0.017500074571270192,0.004861338293100637
Visakhapatnam,17.693529,83.221038,2024-01-05 08:00:00,8,5,1,0.2751004016064256,0.02124430955993928,0.3596638655462185,0.6161616161616162,0.5276381909547738,0.0020387359836901986,16.86,3.54,6.37,0.737373737373737,0.6497461928934012,0.8121827411167514,131,0.4670138888888893,4,1,0.01279497108241955,0.025012622513435806,0.003678489499779785
Visakhapatnam,17.680109,83.216227,2024-01-05 09:00:00,9,5,1,0.06827309236947793,0.023267577137076334,0.7781512605042016,0.21212121212121215,0.38190954773869346,0.25280326197757386,8.59,14.85,2.19,0.6388888888888884,0.126903553299492,0.41116751269035545,77,0.6504629629629619,4,1,0.02084292229990863,0.016227366083256447,0.01058618958832488
Visakhapatnam,17.681758,83.219686,2024-01-05 10:00:00,10,5,1,0.09839357429718876,0.7526555386949925,0.6504201680672268,0.7777777777777779,0.8467336683417084,0.855249745158002,15.31,15.82,10.41,0.5656565656565649,0.39390862944162386,0.17258883248730966,214,0.29803240740740833,4,1,0.02065403495688114,0.01976434061636562,0.008247979146436246
Visakhapatnam,17.681696,83.209202,2024-01-05 11:00:00,11,5,1,0.34036144578313243,0.4941831057157309,0.008403361344537785,0.6161616161616162,0.9422110552763818,0.48725790010193676,23.85,12.92,5.0,0.3636363636363633,0.6964467005076145,0.3807106598984772,140,0.3657407407407405,4,1,0.018321386956232387,0.009356987763165679,0.013621792099423425
Visakhapatnam,17.685222,83.217399,2024-01-05 12:00:00,12,5,1,0.9156626506024095,0.5386949924127465,0.6369747899159663,0.7575757575757576,0.09045226130653267,0.7787971457696228,17.78,1.13,9.8,0.2626262626262621,0.9583756345177665,0.9289340101522844,110,0.5167824074074083,4,1,0.016526780842017894,0.01816575032856918,0.005440081341304448
Visakhapatnam,17.69028,83.220926,2024-01-05 13:00:00,13,5,1,0.827309236947791,0.0010116337885685,0.4302521008403361,0.595959595959596,0.6884422110552764,0.966360856269113,22.9,2.51,17.52,0.2575757575757569,0.13604060913705496,0.2893401015228427,67,0.1354166666666643,4,1,0.014623811951752594,0.023314713723315457,0.0009674068430669425
Visakhapatnam,17.691543,83.209356,2024-01-05 14:00:00,14,5,1,0.7981927710843373,0.9104704097116844,0.8100840336134454,0.42424242424242425,0.22361809045226128,0.9194699286442405,26.08,15.86,3.61,0.32323232323232354,0.5532994923857864,0.40101522842639603,160,0.9618055555555536,4,1,0.008481484834626029,0.014858518936957745,0.010755258481318673
Visakhapatnam,17.691593,83.209398,2024-01-05 15:00:00,15,5,1,0.24297188755020077,0.4790085988872028,0.788235294117647,0.36363636363636365,0.3015075376884422,0.37308868501529047,39.63,7.51,7.08,0.641414141414141,0.4903553299492387,0.9695431472081221,222,0.8689236111111072,4,1,0.008428526146365795,0.014923808260623249,0.010721009887138505
Visakhapatnam,17.693919,83.211916,2024-01-05 16:00:00,16,5,1,0.2550200803212851,0.5467880627212949,0.020168067226890796,0.36363636363636365,0.9020100502512562,0.9276248725790011,32.68,1.93,10.66,0.4065656565656557,0.895431472081218,0.9746192893401017,299,0.47598379629629406,4,1,0.006375705215896582,0.018322925994502692,0.008983853126579048
Visakhapatnam,17.677959,83.222735,2024-01-05 17:00:00,17,5,1,0.6435742971887549,0.39504299443601415,0.1428571428571429,0.7171717171717172,0.864321608040201,0.49949031600407745,17.23,14.45,10.26,0.7247474747474749,0.9908629441624361,0.47715736040609147,299,0.8003472222222214,4,1,0.025455567288907025,0.022826429988061427,0.012347708532355554
Visakhapatnam,17.691105,83.217862,2024-01-05 18:00:00,18,5,1,0.89859437751004,0.45017703591299946,0.43529411764705883,0.7474747474747475,0.3517587939698492,0.04281345565749234,8.12,12.93,24.03,0.9974747474747465,0.9137055837563457,0.40101522842639603,276,0.7173032407407405,4,1,0.011871481331326261,0.02103264293900775,0.0024066717682324737
Visakhapatnam,17.691111,83.22041,2024-01-05 19:00:00,19,5,1,0.4899598393574296,0.30146686899342434,0.5596638655462185,0.6262626262626263,0.4246231155778894,0.19062181447502546,36.63,2.43,15.74,0.03535353535353547,0.9644670050761421,0.5939086294416245,313,0.8732638888888857,4,1,0.013688769886302854,0.023238382495344233,0.001184238573935837
Visakhapatnam,17.677546,83.217847,2024-01-05 20:00:00,20,5,1,0.216867469879518,0.062215477996965085,0.5714285714285714,0.2222222222222222,0.507537688442211,0.45769622833843016,17.15,18.11,20.49,0.5202020202020199,0.31979695431472077,0.015228426395939104,326,0.3301504629629619,4,1,0.023785657968620144,0.01801492506229537,0.012638731146757261
Visakhapatnam,17.692195,83.212288,2024-01-05 21:00:00,21,5,1,0.03815261044176699,0.776428932726353,0.7529411764705882,0.26262626262626265,0.6557788944723617,0.025484199796126372,23.28,3.63,5.84,0.44191919191919116,0.18883248730964475,0.8121827411167514,156,0.4615162037037024,4,1,0.008133447547012009,0.01731222022156605,0.008018289655529413
Visakhapatnam,17.679848,83.213452,2024-01-05 22:00:00,22,5,1,0.9136546184738954,0.9038947900859888,0.9277310924369748,0.7070707070707072,0.6231155778894472,0.037716615698267064,22.48,17.28,24.36,0.6792929292929291,0.9644670050761421,0.4263959390862945,199,0.6750578703703667,4,1,0.02044552293290756,0.013452858729653872,0.012080538398596576
Visakhapatnam,17.685825,83.224587,2024-01-05 23:00:00,23,5,1,0.1977911646586345,0.2903388973191704,0.25882352941176473,0.5858585858585859,0.3693467336683417,0.7900101936799184,7.72,16.88,3.52,0.29545454545454586,0.49340101522842605,0.6751269035532995,25,0.8347800925925917,4,1,0.020339891690963275,0.025267591772859175,0.006202515135008341
Visakhapatnam,17.685323,83.2121,2024-01-06 00:00:00,0,6,1,0.6757028112449798,0.2903388973191704,0.3798319327731092,0.1717171717171717,0.329145728643216,0.1651376146788991,37.36,6.95,15.99,0.5833333333333321,0.5614213197969535,0.918781725888325,152,0.4074074074074048,5,1,0.014826473923358277,0.013219089567746263,0.00918064970467157
Visakhapatnam,17.686202,83.21883,2024-01-06 01:00:00,1,6,1,0.7710843373493974,0.7344461305007587,0.5781512605042016,0.15151515151515155,0.19095477386934673,0.23853211009174313,6.21,18.98,10.66,0.9671717171717162,0.0203045685279184,0.7563451776649748,278,0.8362268518518512,5,1,0.01638150493697069,0.019825077654319578,0.00397412933861022
Visakhapatnam,17.689411,83.2194,2024-01-06 02:00:00,2,6,1,0.5281124497991967,0.21294891249367726,0.08403361344537819,0.36363636363636365,0.3266331658291457,0.7420998980632008,23.86,18.76,13.96,0.5,0.7868020304568528,0.6446700507614215,186,0.6284722222222214,5,1,0.014159340415428207,0.021562164107520036,0.000840785941847639
Visakhapatnam,17.6802,83.210925,2024-01-06 03:00:00,3,6,1,0.8052208835341363,0.860900354071826,0.5798319327731092,0.04040404040404039,0.3065326633165829,0.07135575942915395,17.29,13.73,9.71,0.46212121212121104,0.3390862944162434,0.06091370558375636,254,0.2589699074074048,5,1,0.019821594915647403,0.01092683051026263,0.013356482508503584
Visakhapatnam,17.694385,83.221215,2024-01-06 04:00:00,4,6,1,0.9849397590361444,0.6980273141122914,0.6857142857142857,0.43434343434343436,0.6582914572864321,0.9184505606523954,18.68,9.63,6.99,0.6111111111111107,0.26192893401015205,0.21319796954314724,263,0.9059606481481488,5,1,0.012542107079759186,0.02563209804132187,0.004550214280668298
Visakhapatnam,17.685556,83.217363,2024-01-06 05:00:00,5,6,1,0.8684738955823292,0.19069296914516942,0.4638655462184874,0.1717171717171717,0.010050251256281395,0.8419979612640163,18.58,16.11,16.26,0.5404040404040398,0.24670050761421258,0.08629441624365483,30,0.5277777777777786,5,1,0.016212430570405202,0.018230274408249935,0.0051674853652418995
Visakhapatnam,17.689964,83.222724,2024-01-06 06:00:00,6,6,1,0.7379518072289155,0.29893778452200304,0.07226890756302523,0.7070707070707072,0.3517587939698492,0.37716615698267075,33.4,3.38,6.7,0.31565656565656486,0.18375634517766404,0.5939086294416245,313,0.20023148148148096,5,1,0.016205600019750445,0.02481252651383669,0.0027242378750768916
Visakhapatnam,17.681871,83.217371,2024-01-06 07:00:00,7,6,1,0.35140562248995977,0.9089529590288314,0.1899159663865546,0.5252525252525253,0.012562814070351758,0.5606523955147809,17.31,19.01,4.27,0.5025252525252517,0.6893401015228422,0.23857868020304573,204,0.3431712962962976,5,1,0.019570188604099596,0.017471470516241767,0.008543552071591685
Visakhapatnam,17.693401,83.220725,2024-01-06 08:00:00,8,6,1,0.5301204819277108,0.5295902883156297,0.8453781512605041,0.1616161616161616,0.6055276381909547,0.01936799184505611,32.89,11.27,1.12,0.3813131313131315,0.6862944162436548,0.7258883248730965,41,0.42737268518518334,5,1,0.012592554387420359,0.024680203119099253,0.0034774165698123393
Visakhapatnam,17.685734,83.220038,2024-01-06 09:00:00,9,6,1,0.8704819277108433,0.6130500758725341,0.3815126050420168,0.888888888888889,0.27638190954773867,0.8634046890927625,32.69,15.17,20.25,0.9217171717171713,0.27614213197969484,0.5532994923857868,227,1.0,5,1,0.01744362920954672,0.02084226955012304,0.004266169241838704
Visakhapatnam,17.679906,83.220948,2024-01-06 10:00:00,10,6,1,0.1305220883534136,0.4542235710672736,0.2924369747899159,0.7373737373737375,0.06783919597989951,0.9245667686034658,39.1,1.74,19.55,0.3863636363636367,0.8192893401015233,0.005076142131979683,5,0.09982638888888928,5,1,0.022882909343007546,0.020948210902131368,0.010138419008901795
Visakhapatnam,17.686269,83.222422,2024-01-06 11:00:00,11,6,1,0.8092369477911645,0.04451188669701561,0.5058823529411764,0.4747474747474748,0.6130653266331658,0.4525993883792049,14.59,19.01,2.89,0.32323232323232354,0.6649746192893398,0.9593908629441626,94,0.7719907407407405,5,1,0.018516113118039072,0.02328189092405564,0.004448195701629322
Visakhapatnam,17.684804,83.219776,2024-01-06 12:00:00,12,6,1,0.07228915662650603,0.5199797673242286,0.3915966386554622,0.0,0.3618090452261306,0.7981651376146788,29.78,15.79,13.22,0.44949494949494895,0.17055837563451703,0.07106598984771575,217,0.6840277777777786,5,1,0.018068995323482422,0.020351132450056156,0.005200826088230332
Visakhapatnam,17.682349,83.21109,2024-01-06 13:00:00,13,6,1,0.6977911646586344,0.22003034901365703,0.5042016806722689,0.393939393939394,0.5427135678391959,0.23547400611620795,18.35,18.07,19.02,0.6186868686868685,0.4700507614213194,0.9238578680203046,56,0.019965277777778567,5,1,0.01768462329256796,0.011336044327714226,0.01174418583810923
Visakhapatnam,17.680032,83.227864,2024-01-06 14:00:00,14,6,1,0.37951807228915657,0.18563480020232676,0.8974789915966386,0.21212121212121215,0.8467336683417084,0.4057084607543323,20.92,9.13,13.59,0.8055555555555554,0.49949238578680166,0.7208121827411168,8,0.2445023148148131,5,1,0.026792601963976044,0.027864018374951945,0.012696594819083555
Visakhapatnam,17.684373,83.21354,2024-01-06 15:00:00,15,6,1,0.7530120481927709,0.4729387961557916,0.9277310924369748,0.09090909090909094,0.8894472361809045,0.03975535168195721,10.4,15.16,22.51,0.7247474747474749,0.33401015228426356,0.934010152284264,228,0.10648148148148096,5,1,0.016022943830643614,0.01422865872103867,0.008567072370422634
Visakhapatnam,17.696559,83.215103,2024-01-06 16:00:00,16,6,1,0.22590361445783125,0.6474456246838645,0.9042016806722688,0.7373737373737375,0.5954773869346733,0.45056065239551474,24.52,4.03,12.31,0.9166666666666661,0.3502538071065979,0.2639593908629442,110,0.5943287037037024,5,1,0.00615476157134021,0.022412074647384112,0.008185419353948101
Visakhapatnam,17.682124,83.227558,2024-01-06 17:00:00,17,6,1,0.032128514056224855,0.8968133535660091,0.41008403361344536,0.7777777777777779,0.5778894472361809,0.856269113149847,13.08,14.26,20.94,0.0101010101010095,0.2852791878172578,0.0,219,0.5957754629629619,5,1,0.02505663065937238,0.027639731185378016,0.010915802306749569
Visakhapatnam,17.686904,83.226375,2024-01-06 18:00:00,18,6,1,0.6797188755020079,0.046535154274152724,0.5630252100840336,0.797979797979798,0.9070351758793969,0.36493374108053,13.02,15.86,18.08,0.5959595959595951,0.812182741116751,0.47208121827411176,10,0.3177083333333357,5,1,0.02096773333005676,0.027263635872716352,0.007087019190046604
Visakhapatnam,17.677195,83.218332,2024-01-06 19:00:00,19,6,1,0.6365461847389557,0.20991401112797164,0.7630252100840336,0.43434343434343436,0.778894472361809,0.1549439347604485,10.59,5.15,22.43,0.10353535353535293,0.5197969543147201,0.9390862944162438,90,0.45109953703703454,5,1,0.024279420277265353,0.01854535653472387,0.012913181211459408
Visakhapatnam,17.688866,83.228454,2024-01-06 20:00:00,20,6,1,0.17369477911646586,0.558421851289833,0.8789915966386554,0.494949494949495,0.5829145728643216,0.22528032619775734,25.8,12.34,5.37,0.6969696969696972,0.06497461928933923,0.7614213197969545,232,0.8318865740740726,5,1,0.02155263492012447,0.029803289617084505,0.008529716994133381
Visakhapatnam,17.676811,83.226913,2024-01-06 21:00:00,21,6,1,0.7801204819277107,0.5791603439554881,0.6823529411764706,0.1717171717171717,0.29396984924623115,0.24159021406727826,38.05,18.96,8.85,0.3686868686868685,0.012182741116750329,0.16751269035532995,309,0.8321759259259238,5,1,0.02870155553275841,0.027101278383124903,0.014890913000886723
Visakhapatnam,17.680659,83.209858,2024-01-06 22:00:00,22,6,1,0.04819277108433734,0.30146686899342434,0.7647058823529411,0.6666666666666667,0.8115577889447235,0.5198776758409785,14.34,5.33,18.52,0.07828282828282784,0.4517766497461926,0.3197969543147208,111,0.7265625,5,1,0.01934152126902191,0.009880002277321758,0.013788199483619628
Visakhapatnam,17.683692,83.220494,2024-01-06 23:00:00,23,6,1,0.9929718875502007,0.24329792615073342,0.6453781512605041,0.6464646464646465,0.6331658291457286,0.254841997961264,35.19,2.44,13.91,0.987373737373737,0.7350253807106597,0.7309644670050762,297,0.4866898148148131,5,1,0.019392650669780378,0.020823902131924747,0.006327313806032655
Visakhapatnam,17.685307,83.214731,2024-01-07 00:00:00,0,7,1,0.9558232931726907,0.5614567526555387,0.9647058823529411,0.9797979797979799,0.7236180904522612,0.49949031600407745,9.83,14.13,6.37,0.7398989898989896,0.46700507614213116,0.6091370558375635,351,0.9563078703703702,6,1,0.015435887081732413,0.01565779709920748,0.00705596272665748
Visakhapatnam,17.681975,83.215426,2024-01-07 01:00:00,1,7,1,0.7439759036144578,0.49013657056145676,0.9680672268907562,0.06060606060606061,0.1407035175879397,0.4148827726809378,10.91,18.82,19.54,0.45959595959595934,0.057868020304567835,0.3857868020304569,131,0.4100115740740726,6,1,0.018823976758377218,0.015551916312780353,0.00923699631915303
Visakhapatnam,17.676972,83.218747,2024-01-07 02:00:00,2,7,1,0.9166666666666665,0.3222053616590794,0.8907563025210083,0.2727272727272727,0.7512562814070352,0.020387359836901098,25.08,3.81,3.62,0.2525252525252517,0.06395939086294344,0.8477157360406092,278,0.25491898148148096,6,1,0.024633286280965346,0.01898996558711067,0.013088116480229953
Visakhapatnam,17.681459,83.22343,2024-01-07 03:00:00,3,7,1,0.5240963855421685,0.343955488113303,0.20336134453781513,0.8181818181818182,0.34170854271356776,0.43628950050968396,32.21,4.0,22.66,0.9949494949494948,0.25482233502538065,1.0,167,0.1223958333333357,6,1,0.02289396385512901,0.023475382446289498,0.009203998098651456
Visakhapatnam,17.696606,83.219335,2024-01-07 04:00:00,4,7,1,0.05722891566265059,0.6616084977238239,0.9277310924369748,0.7777777777777779,0.18844221105527637,0.7135575942915392,20.46,15.49,4.62,0.9595959595959593,0.0730964467005073,0.6243654822335026,281,0.9678819444444429,6,1,0.009932847577615152,0.025487280376688064,0.0066393870952045995
Visakhapatnam,17.67986,83.222998,2024-01-07 05:00:00,5,7,1,0.0612449799196787,0.36267071320182087,0.39327731092436974,0.1717171717171717,0.07537688442211055,0.6962283384301733,37.29,19.68,19.34,0.032828282828281985,0.13502538071065917,0.30964467005076146,248,0.9484953703703667,6,1,0.023970139841064334,0.02299842612006426,0.010573911480621881
Visakhapatnam,17.688147,83.208551,2024-01-07 06:00:00,6,7,1,0.9989959839357427,0.037936267071320195,0.47058823529411764,0.4646464646464647,0.13567839195979897,0.48521916411824667,33.5,10.76,1.7,0.41919191919191867,0.10355329949238534,0.1370558375634518,82,0.34143518518518334,6,1,0.011941239885369858,0.0118107243638977,0.011597983014299408
Visakhapatnam,17.694449,83.216094,2024-01-07 07:00:00,7,7,1,0.5582329317269075,0.6327769347496206,0.011764705882352955,0.7777777777777779,0.0025125628140703626,0.13353720693170235,27.04,3.68,22.31,0.1287878787878789,0.8629441624365484,0.6598984771573606,160,0.33275462962962976,6,1,0.008243205505145465,0.02162846358389389,0.005920340953018038
Visakhapatnam,17.693807,83.228042,2024-01-07 08:00:00,8,7,1,0.7449799196787148,0.4759736975214972,0.5378151260504201,0.01010101010101011,0.364321608040201,0.8144750254841997,7.29,15.14,22.67,0.03787878787878718,0.4304568527918775,0.4873096446700509,306,0.5917245370370345,6,1,0.019075298503569912,0.03125679147001423,0.008897584672260166
Visakhapatnam,17.693812,83.224086,2024-01-07 09:00:00,9,7,1,0.2961847389558232,0.04097116843702581,0.8689075630252101,0.5353535353535354,0.38190954773869346,0.7777777777777777,18.95,3.98,4.32,0.4823232323232318,0.8416243654822333,0.9543147208121828,155,0.457465277777775,6,1,0.015385276728097757,0.02776520736461181,0.005588089118831855
Visakhapatnam,17.695421,83.213578,2024-01-07 10:00:00,10,7,1,0.18273092369477906,0.2862923621648963,0.29747899159663865,0.18181818181818182,0.2311557788944723,0.25382262996941896,5.18,3.49,21.37,0.14898989898989878,0.6893401015228422,0.09137055837563451,286,0.19704861111111072,6,1,0.005811138012474778,0.02054675947685846,0.008404125475026517
Visakhapatnam,17.681885,83.21197,2024-01-07 11:00:00,11,7,1,0.4708835341365461,0.6717248356095094,0.6789915966386555,1.0,0.5552763819095476,0.09582059123343528,22.91,18.61,12.26,0.33585858585858475,0.6040609137055837,0.7208121827411168,87,0.34953703703703454,6,1,0.018221803560568076,0.012117513152449577,0.01141639719876999
Visakhapatnam,17.681302,83.210238,2024-01-07 12:00:00,12,7,1,0.30722891566265054,0.003034901365705611,0.66890756302521,0.26262626262626265,0.03266331658291455,0.16411824668705405,20.15,7.31,3.51,0.12373737373737281,0.011167512690354542,0.02538071065989847,282,0.19646990740740833,6,1,0.018699514646108476,0.010320457741787404,0.013074855563253666
Visakhapatnam,17.676945,83.214487,2024-01-07 13:00:00,13,7,1,0.682730923694779,0.23318158826504803,0.2285714285714286,0.595959595959596,0.8567839195979898,0.8654434250764526,30.56,13.59,3.18,0.15151515151515138,0.6416243654822331,0.41624365482233505,269,0.11111111111111072,6,1,0.0234875753112167,0.014805613597553922,0.01417131588808758
Visakhapatnam,17.682873,83.22506,2024-01-07 14:00:00,14,7,1,0.7791164658634537,0.5134041476985332,0.5193277310924369,0.6464646464646465,0.821608040201005,0.3007135575942915,15.12,4.4,8.96,0.32575757575757525,0.05989847715735941,0.5837563451776651,52,0.3087384259259238,6,1,0.022806528210144422,0.02522414971807416,0.00874057944303527
Visakhapatnam,17.687508,83.222316,2024-01-07 15:00:00,15,7,1,0.16666666666666663,0.44410723318158823,0.6941176470588235,0.7171717171717172,0.48994974874371855,0.4220183486238532,7.69,2.04,5.86,0.2904040404040398,0.397969543147207,0.3756345177664976,139,0.12008101851851904,6,1,0.01754234647931302,0.023545146421294127,0.0034020464429569005
Visakhapatnam,17.693656,83.223419,2024-01-07 16:00:00,16,7,1,0.8694779116465862,0.9387961557916035,0.17983193277310927,0.14141414141414144,0.27135678391959794,0.6330275229357798,16.87,5.45,11.27,0.04545454545454497,0.26294416243654783,0.6192893401015229,329,0.8113425925925917,6,1,0.014843042039970627,0.027109701160289802,0.005005586579018583
Visakhapatnam,17.692092,83.211709,2024-01-07 17:00:00,17,7,1,0.010040160642570295,0.7966616084977238,0.23865546218487393,0.595959595959596,0.31407035175879394,0.472986748216106,19.15,11.05,21.35,0.8030303030303028,0.4517766497461926,0.16751269035532995,150,0.7838541666666643,6,1,0.00809055900417428,0.016832027358577136,0.008550856389858669
Visakhapatnam,17.696344,83.22689,2024-01-07 18:00:00,18,7,1,0.9236947791164657,0.7577137076378351,0.9865546218487394,0.5858585858585859,0.9497487437185929,0.37920489296636084,14.21,8.56,7.26,0.8106060606060606,0.07614213197969466,0.5431472081218275,100,0.3208912037037024,6,1,0.017281158410248958,0.031467418642140164,0.00936581208438229
Visakhapatnam,17.67966,83.218617,2024-01-07 19:00:00,19,7,1,0.7138554216867469,0.7870510875063227,0.8319327731092436,0.30303030303030304,0.6733668341708542,0.21202854230377166,10.34,10.44,10.28,0.7676767676767673,0.8192893401015233,0.41624365482233505,122,0.6912615740740726,6,1,0.022090004277954635,0.018620104430418723,0.010432079802228865
Visakhapatnam,17.69465,83.213373,2024-01-07 20:00:00,20,7,1,0.8775100401606424,0.3581183611532625,0.9949579831932772,0.1616161616161616,0.09045226130653267,0.8134556574923546,20.07,2.07,24.6,0.2550505050505052,0.06497461928933923,0.35532994923857875,324,0.4143518518518512,6,1,0.006324525990149026,0.019835816822103048,0.00809565494570454
Visakhapatnam,17.681401,83.216429,2024-01-07 21:00:00,21,7,1,0.575301204819277,0.9504299443601416,0.02857142857142858,0.7777777777777779,0.1959798994974874,0.4464831804281345,35.21,10.87,18.08,0.3712121212121202,0.7329949238578681,0.7868020304568529,34,0.715856481481481,6,1,0.019678791680387313,0.016488627656663167,0.009311006497686476
Visakhapatnam,17.686247,83.215967,2024-01-07 22:00:00,22,7,1,0.43775100401606415,0.44258978249873543,0.7243697478991596,0.07070707070707072,0.6984924623115577,0.4311926605504587,25.62,12.79,23.86,0.1338383838383841,0.25482233502538065,0.5532994923857868,281,0.4942129629629619,6,1,0.014991667619050434,0.017145556217286508,0.005509092302724476
Visakhapatnam,17.688075,83.216755,2024-01-07 23:00:00,23,7,1,0.541164658634538,0.7779463834092059,0.48403361344537815,0.101010101010101,0.9422110552763818,0.72782874617737,27.95,6.83,11.08,0.11616161616161591,0.9106598984771574,0.8832487309644671,62,0.9626736111111072,6,1,0.013705314662572339,0.0185993454185931,0.003773016034944974
Visakhapatnam,17.680582,83.215063,2024-01-08 00:00:00,0,8,1,0.40662650602409633,0.2867981790591806,0.41848739495798315,0.1111111111111111,0.8316582914572863,0.7400611620795107,26.66,3.03,15.16,0.6565656565656566,0.903553299492386,0.005076142131979683,205,0.8234953703703667,0,1,0.020067204414167875,0.015074239383794336,0.010633564454122849
Visakhapatnam,17.678628,83.221639,2024-01-08 01:00:00,1,8,1,0.3815261044176706,0.7723823975720789,0.5865546218487394,0.43434343434343436,0.46231155778894467,0.1722731906218145,29.36,7.42,24.19,0.07070707070707094,0.8730964467005071,0.3197969543147208,148,0.3165509259259238,0,1,0.024335749526160775,0.021682451544963958,0.011489504123330345
Visakhapatnam,17.684874,83.213142,2024-01-08 02:00:00,2,8,1,0.7620481927710843,0.5331310065756196,0.549579831932773,0.20202020202020204,0.6608040201005024,0.5871559633027523,17.36,7.96,14.12,0.06313131313131315,0.6649746192893398,0.8984771573604063,27,0.809606481481481,0,1,0.015448884749393028,0.014016705747074143,0.008562011445911798
Visakhapatnam,17.695407,83.227532,2024-01-08 03:00:00,3,8,1,0.9568273092369477,0.092058674759737,0.3563025210084033,0.4040404040404041,0.2562814070351759,0.6258919469928643,11.66,18.16,6.1,0.7449494949494939,0.5959390862944156,0.3451776649746193,270,0.44184027777777857,0,1,0.01812364954969323,0.031549749174908555,0.009271821449960346
Visakhapatnam,17.680573,83.220256,2024-01-08 04:00:00,4,8,1,0.042168674698795094,0.7334344967121902,0.12773109243697478,0.4444444444444445,0.5678391959798994,0.5127420998980632,37.1,1.95,15.73,0.5530303030303028,0.5248730964466999,0.6548223350253809,319,0.2560763888888893,0,1,0.02196801914147627,0.02026410286689584,0.009430475332667332
Visakhapatnam,17.683702,83.225099,2024-01-08 05:00:00,5,8,1,0.4528112449799196,0.1482043500252908,0.4857142857142857,0.9393939393939394,0.21859296482412055,0.620795107033639,8.69,12.38,22.36,0.6919191919191912,0.17157360406091282,0.47715736040609147,192,0.6877893518518512,0,1,0.02221721415929914,0.025370546013041763,0.008103369977979911
Visakhapatnam,17.694325,83.209265,2024-01-08 06:00:00,6,8,1,0.5542168674698794,0.2878098128477491,0.05210084033613449,0.5555555555555556,0.7035175879396984,0.1834862385321101,6.66,15.9,12.38,0.3636363636363633,0.2131979695431463,0.9035532994923859,243,0.3695023148148131,0,1,0.005722398972458047,0.01706006594359969,0.011573497742684099
Visakhapatnam,17.68696,83.213479,2024-01-08 07:00:00,7,8,1,0.4357429718875501,0.8366211431461811,0.24201680672268905,0.8383838383838385,0.8668341708542713,0.7573904179408766,35.05,10.96,13.34,0.7853535353535346,0.19187817258883122,0.05583756345177665,340,0.5170717592592595,0,1,0.013496112069781204,0.01516987280764391,0.007194792630778994
Visakhapatnam,17.688309,83.211027,2024-01-08 08:00:00,8,8,1,0.2670682730923694,0.006575619625695417,0.5899159663865546,0.1616161616161616,0.6281407035175879,0.6238532110091742,32.06,11.09,8.05,0.7626262626262621,0.7756345177664965,0.9898477157360407,32,0.7129629629629619,0,1,0.011736021898411426,0.013807034801143139,0.00913094792450147
Visakhapatnam,17.68414,83.21066,2024-01-08 09:00:00,9,8,1,0.7228915662650601,0.0667678300455235,0.055462184873949605,0.14141414141414144,0.6959798994974874,0.236493374108053,25.9,9.54,17.39,0.058080808080807955,0.7756345177664965,0.47715736040609147,297,0.13715277777777857,0,1,0.015873726720591275,0.011435698492004213,0.011026114456141012
Visakhapatnam,17.685366,83.218931,2024-01-08 10:00:00,10,8,1,0.007028112449799173,0.6631259484066767,0.507563025210084,0.7373737373737375,0.414572864321608,0.4026503567787971,32.81,9.24,22.57,0.5025252525252517,0.7380710659898471,0.6192893401015229,331,0.6550925925925917,0,1,0.017143999445873147,0.019676806575249787,0.004755703628279348
Visakhapatnam,17.687127,83.227602,2024-01-08 11:00:00,11,8,1,0.2018072289156626,0.30500758725341426,0.9176470588235294,0.2222222222222222,0.2562814070351759,0.5942915392456677,12.23,13.95,8.27,0.10353535353535293,0.9979695431472084,0.4365482233502538,245,0.34085648148148096,0,1,0.021806983583255026,0.028507271581126467,0.008126778759145093
Visakhapatnam,17.681782,83.224812,2024-01-08 12:00:00,12,8,1,0.576305220883534,0.12139605462822456,0.04873949579831938,0.9090909090909092,0.6582914572864321,0.37818552497451574,27.22,5.11,3.49,0.16161616161616177,0.22639593908629418,0.8274111675126905,59,0.596643518518519,0,1,0.02347958406787097,0.02487590939040932,0.009523175310791011
Visakhapatnam,17.685348,83.227404,2024-01-08 13:00:00,13,8,1,0.07730923694779113,0.3500252908447142,0.035294117647058865,0.41414141414141414,0.6557788944723617,0.43628950050968396,39.93,7.16,21.39,0.33333333333333304,0.9807106598984765,0.35025380710659904,306,0.0390625,0,1,0.02275039164498949,0.027920965599352865,0.008744159193434329
Visakhapatnam,17.679855,83.220275,2024-01-08 14:00:00,14,8,1,0.7248995983935742,0.9099645928174,0.4084033613445378,0.696969696969697,0.7839195979899496,0.5891946992864424,10.17,19.66,15.18,0.845959595959596,0.345177664974619,0.10659898477157365,312,0.5390625,0,1,0.022614080790519058,0.02027551848905277,0.010148726521097589
Visakhapatnam,17.677678,83.217716,2024-01-08 15:00:00,15,8,1,0.7620481927710843,0.7253414264036419,0.2184873949579832,0.32323232323232326,0.9472361809045226,0.4862385321100917,11.91,19.39,16.24,0.9848484848484844,0.4030456852791877,0.7055837563451778,269,0.03472222222222143,0,1,0.023617966466230534,0.01786752193225877,0.01253189291368387
Visakhapatnam,17.681503,83.210117,2024-01-08 16:00:00,16,8,1,0.2831325301204819,0.8735457764289327,0.15798319327731092,0.5454545454545455,0.185929648241206,0.11824668705402652,7.96,9.25,4.64,0.2803030303030294,0.7593908629441621,0.14720812182741116,359,0.19299768518518334,0,1,0.01849737002927714,0.010228034904118976,0.013033522087297616
Visakhapatnam,17.695924,83.209069,2024-01-08 17:00:00,17,8,1,0.10140562248995982,0.5806777946383409,0.39663865546218485,0.8282828282828283,0.5251256281407035,0.35881753312945974,9.32,14.44,4.74,0.43939393939393856,0.1390862944162432,0.9796954314720815,317,0.43402777777777857,0,1,0.00418097321206091,0.0183254068713357,0.012433042145830162
Visakhapatnam,17.691515,83.209087,2024-01-08 18:00:00,18,8,1,0.2751004016064256,0.8669701568032373,0.9058823529411764,0.01010101010101011,0.15326633165829145,0.800203873598369,5.5,19.06,3.7,0.5681818181818175,0.4182741116751263,0.9035532994923859,299,0.28848379629629406,0,1,0.0085339787906931,0.014668632996972538,0.01101765828114307
Visakhapatnam,17.688764,83.214472,2024-01-08 19:00:00,19,8,1,0.07028112449799195,0.2635306019221042,0.1075630252100841,0.4444444444444445,0.4849246231155778,0.7349643221202854,35.54,8.87,24.1,0.7979797979797976,0.580710659898477,0.5989847715736042,213,0.2578125,0,1,0.012093241087486321,0.016918820289840694,0.005664492916403518
Visakhapatnam,17.693299,83.227177,2024-01-08 20:00:00,20,8,1,0.9297188755020078,0.997976732422863,0.19159663865546217,0.09090909090909094,0.9547738693467336,0.783893985728848,17.38,13.61,1.48,0.47474747474747403,0.7350253807106597,0.36548223350253817,221,0.022569444444442865,0,1,0.01843780708219187,0.030256449395124164,0.007898906886397007
Visakhapatnam,17.677432,83.217101,2024-01-08 21:00:00,21,8,1,0.7540160642570279,0.06373292867981789,0.7260504201680672,0.787878787878788,0.4698492462311557,0.9225280326197757,35.04,11.5,19.27,0.0,0.6710659898477154,0.23350253807106602,291,0.9186921296296262,0,1,0.02365880015977287,0.017292739083207376,0.012898016320350912
Visakhapatnam,17.691569,83.211793,2024-01-08 22:00:00,22,8,1,0.8122489959839356,0.6408700050581689,0.06218487394957989,0.12121212121212122,0.40703517587939697,0.982670744138634,28.38,5.26,9.69,0.06565656565656575,0.9888324873096446,0.18274111675126908,194,0.3385416666666643,0,1,0.008619548132007297,0.01652018795292506,0.008355633429009387
Visakhapatnam,17.69358,83.224177,2024-01-08 23:00:00,23,8,1,0.2710843373493975,0.9221041982802226,0.23361344537815126,0.09090909090909094,0.06783919597989951,0.8950050968399592,8.88,8.91,14.84,0.4772727272727266,0.8467005076142131,0.7664974619289342,23,0.20746527777777857,0,1,0.015562895906613427,0.027729834637079342,0.005501247949327866
Visakhapatnam,17.681514,83.212774,2024-01-09 00:00:00,0,9,1,0.5220883534136546,0.22913505311077387,0.9008403361344537,0.9595959595959597,0.10301507537688437,1.0,30.83,11.09,19.79,0.9065656565656557,0.004060913705583147,0.4263959390862945,230,0.31741898148148096,1,1,0.01869297386720444,0.012863408257527492,0.011145728868049123
Visakhapatnam,17.694632,83.218275,2024-01-09 01:00:00,1,9,1,0.8473895582329316,0.6550328780981285,0.7478991596638656,0.888888888888889,0.9095477386934672,0.33944954128440363,8.06,4.73,24.45,0.06565656565656575,0.7807106598984772,0.36040609137055846,297,0.48177083333333215,1,1,0.009863622509007675,0.023410917303686878,0.004942777458064642
Visakhapatnam,17.676808,83.223971,2024-01-09 02:00:00,2,9,1,0.15963855421686746,0.7142134547293879,0.534453781512605,0.787878787878788,0.025125628140703515,0.17635066258919468,8.68,4.39,19.03,0.09343434343434343,0.06192893401015187,0.21827411167512695,343,0.6015625,1,1,0.02707503841179643,0.02418259094886522,0.013776708786936685
Visakhapatnam,17.693619,83.214152,2024-01-09 03:00:00,3,9,1,0.09036144578313249,0.8720283257460799,0.5630252100840336,0.5252525252525253,0.06532663316582915,0.7910295616717635,34.68,13.21,22.45,0.6515151515151505,0.4903553299492387,0.21827411167512695,264,0.8376736111111072,1,1,0.007612901220954365,0.01964067883246235,0.006877228002619004
Visakhapatnam,17.685266,83.225494,2024-01-09 04:00:00,4,9,1,0.2309236947791164,0.7233181588265047,0.2184873949579832,0.6565656565656566,0.5954773869346733,0.2966360856269113,35.74,4.81,23.47,0.44696969696969635,0.8659898477157357,0.9695431472081221,1,0.6475694444444429,1,1,0.021381178452090546,0.026032187614561383,0.007252226692541536
Visakhapatnam,17.679441,83.210095,2024-01-09 05:00:00,5,9,1,0.9949799196787147,0.5366717248356095,0.1546218487394958,0.7272727272727273,0.060301507537688426,0.7155963302752293,16.39,3.35,6.85,0.3863636363636367,0.05685279187817205,0.7157360406091372,129,0.9959490740740726,1,1,0.02055921948907461,0.010110465172278194,0.014477620868087435
Visakhapatnam,17.694333,83.226498,2024-01-09 06:00:00,6,9,1,0.007028112449799173,0.8791097622660597,0.33613445378151263,0.9696969696969697,0.49999999999999994,0.8583078491335372,39.45,11.31,3.56,0.8055555555555554,0.7380710659898471,0.4467005076142132,172,0.2523148148148131,1,1,0.01744416501298959,0.030126050072988533,0.007810178807177926
Visakhapatnam,17.68886,83.212304,2024-01-09 07:00:00,7,9,1,0.792168674698795,0.08598887202832572,0.5899159663865546,0.20202020202020204,0.2562814070351759,0.1855249745158002,31.86,10.24,17.41,0.2525252525252517,0.8304568527918779,0.47715736040609147,324,0.05844907407407618,1,1,0.01137576441387859,0.015162058435449384,0.007779975321293816
