place,latitude,longitude,timestamp,pm25,pm10,no2,so2,co,o3,temperature,humidity,wind_speed,road_count,industry_count,farmland_count,dump_count,hour,day,pollution_index,gas_ratio,pm_ratio,pollution_source
Bangalore_Hebbal,13.0358,77.597,2026-03-30 10:16:21.548511+05:30,50.30572856975986,102.1641817671994,12.842863273996985,1.8117450433899522,569.8130576331381,55.01362099732835,32.681093256860954,28.962257837386822,5.890123420418761,1351,7,4,0,10,0,165.31277361095624,0.022499245772774703,0.4876278540480253,Agricultural
Bangalore_Hebbal,13.0358,77.597,2026-03-30 14:51:21.546639+05:30,50.82675548469541,40.99136147039279,12.405443316353868,0.0,569.6334074129259,59.004169528738075,33.93147763814482,36.02161240654175,7.263819781728506,1351,7,4,0,14,0,104.22356027144207,0.021739777508990026,1.2104098010856892,Agricultural
Bangalore_Hebbal,13.0358,77.597,2026-03-30 06:31:21.549977+05:30,42.389502239129925,80.34447919284379,7.20458692919952,6.600137675591891,569.9121269640375,71.47276042356158,33.6402631080473,30.96695629685015,6.6523198900926985,1351,7,4,0,6,0,129.93856836117322,0.012619432289013799,0.5211109919166967,Agricultural
Bangalore_Hebbal,13.0358,77.597,2026-03-30 09:51:21.548680+05:30,45.66890792243288,62.15683930905749,1.619117649402499,0.0,570.3854598265696,52.01467297159032,31.45342757257079,33.78611976255668,6.1861285956601915,1351,7,4,0,9,0,109.44486488089287,0.00283366967352292,0.7231031258380813,Agricultural
Bangalore_Hebbal,13.0358,77.597,2026-03-30 10:01:21.548613+05:30,51.877757821693656,89.63897255128086,9.890689233122007,6.565703638950835,570.308833677543,31.972950660053627,30.568269555709694,34.61009408858087,6.552407840471735,1351,7,4,0,10,0,151.4074196060965,0.017312333802814064,0.5723559784654747,Agricultural
Bangalore_Hebbal,13.0358,77.597,2026-03-30 13:46:21.547087+05:30,45.69338109426447,31.94687220968681,9.290385929933644,0.0,570.4399070053063,110.78221713737082,31.435847298049826,27.893094606624434,7.244674104030631,1351,7,4,0,13,0,86.93063923388493,0.016257852866141138,1.3868806970037666,Agricultural
Bangalore_Hebbal,13.0358,77.597,2026-03-30 11:01:21.548207+05:30,40.92647500294633,51.05433078570569,1.6590999740795542,8.533122571160611,569.9370396811337,67.87381857448428,33.39236380446131,28.963327162143905,6.193403543650453,1351,7,4,0,11,0,93.63990576273157,0.0029059245744612323,0.7862261292231404,Agricultural
Bangalore_Hebbal,13.0358,77.597,2026-03-30 04:36:21.550661+05:30,47.47283394180124,52.2329211061618,3.1809945096315033,7.474291822764237,570.1773466511348,82.19926537863616,32.88900368146714,34.88966903316875,6.2373635433564205,1351,7,4,0,4,0,102.88674955759454,0.005569188848755935,0.8917946442789927,Agricultural
Bangalore_Hebbal,13.0358,77.597,2026-03-30 10:41:21.548342+05:30,43.33917718443999,45.834252787696386,13.77970758508394,0.0,570.0817102288598,82.35072620744077,34.37056897197075,31.42911769656883,6.230290382519701,1351,7,4,0,10,0,102.95313755722032,0.024129134830043412,0.9253735162787828,Agricultural
Bangalore_Hebbal,13.0358,77.597,2026-03-30 09:31:21.548815+05:30,38.46677804821686,76.78289463897733,2.4109127280179212,2.1190485650251167,570.1976410822008,117.36661936294196,33.11665493716664,35.82405283263722,6.9501306365227,1351,7,4,0,9,0,117.66058541521211,0.0042208030191619225,0.494540325694449,Agricultural
Bangalore_Hebbal,13.0358,77.597,2026-03-30 07:11:21.549740+05:30,41.71895136982508,23.721250744571613,6.519132090391048,2.6691465611938066,569.9168953798242,43.893780631674254,31.15818585296635,35.08696043688135,7.39622080407616,1351,7,4,0,7,0,71.95933420478775,0.011418705845189513,1.687574459758509,Agricultural
Bangalore_Hebbal,13.0358,77.597,2026-03-30 15:21:21.546421+05:30,39.520793780714676,53.776491419666876,3.8298928452172785,6.37791819563462,569.7643458070111,90.75968877938996,32.954126891130834,27.326319872606163,5.734807899753509,1351,7,4,0,15,0,97.12717804559882,0.006710112279003945,0.7214918801193094,Agricultural
Bangalore_Hebbal,13.0358,77.597,2026-03-30 13:21:21.547262+05:30,45.53889036841916,77.10424952162852,8.61983815718758,2.3100095167003625,570.230109086513,61.06546863057243,32.08258929546652,36.0348913361957,6.5600602143241735,1351,7,4,0,13,0,131.26297804723526,0.015089957654669254,0.5830526590721365,Agricultural
Bangalore_Hebbal,13.0358,77.597,2026-03-30 15:36:21.546319+05:30,51.11525198731138,116.01892590475285,9.055243792451101,0.0,569.7508390952347,84.49166782802953,32.337297020856624,31.28013789637737,6.776987087720692,1351,7,4,0,15,0,176.18942168451534,0.01586549361330007,0.43681183699221837,Agricultural
Bangalore_Hebbal,13.0358,77.597,2026-03-30 14:46:21.546674+05:30,39.11199944786128,77.50183727415157,1.661223221434236,0.0,569.7807047675043,113.87246952165866,31.774061364721913,28.20698527665614,5.789024776822845,1351,7,4,0,14,0,118.27505994344709,0.002910440397789727,0.49823037021758665,Agricultural
Bangalore_Hebbal,13.0358,77.597,2026-03-30 11:41:21.547937+05:30,47.46630478406236,100.94798967335745,9.135803502734193,0.0,569.6942409283,42.31771374862702,33.889123677674206,33.58389109780331,7.547144723063921,1351,7,4,0,11,0,157.55009796015403,0.01600822795736252,0.4655933377023417,Agricultural
Bangalore_Hebbal,13.0358,77.597,2026-03-30 07:41:21.549562+05:30,40.81943269619511,85.31550777533994,3.3405461134780907,2.7795594527404974,570.3757228172564,115.20914911560163,31.64491578879917,31.751902067324206,7.559435883299411,1351,7,4,0,7,0,129.47548658501313,0.005846496412215436,0.47290960510177393,Agricultural
Bangalore_Hebbal,13.0358,77.597,2026-03-30 10:36:21.548376+05:30,49.474791964922076,101.8137834512726,10.768562672961862,2.3849717360404954,569.5236500732564,36.539997856239964,33.02845021718058,27.252726302443172,6.721570088026719,1351,7,4,0,10,0,162.05713808915652,0.018874875163508397,0.48120777491249583,Agricultural
Bangalore_Hebbal,13.0358,77.597,2026-03-30 11:46:21.547903+05:30,47.18363312378723,48.72689243009958,6.8664658258733855,0.0,570.3575301570854,104.9054836126181,32.36076387225494,32.56995220807652,6.423725177174212,1351,7,4,0,11,0,102.7769913797602,0.012017809276068459,0.9488554546237254,Agricultural
Bangalore_Hebbal,13.0358,77.597,2026-03-30 05:21:21.550394+05:30,44.6805293292605,29.768725779333707,2.8817611434750763,7.686226292101122,570.3885623693769,70.12442530930986,33.460561699981,31.456416689205128,7.638809219553911,1351,7,4,0,5,0,77.33101625206928,0.005043435121496443,1.4521410359889155,Agricultural
Bangalore_Hebbal,13.0358,77.597,2026-03-30 13:56:21.547019+05:30,46.41053692057807,102.60671005277437,8.320452746492567,0.0,569.7837252707723,31.206916517882515,33.61254824125847,35.05370533598568,5.929980604122336,1351,7,4,0,13,0,157.337699719845,0.014577242444229562,0.4479491424535904,Agricultural
Bangalore_Hebbal,13.0358,77.597,2026-03-30 05:46:21.550245+05:30,50.142584798352274,85.0204186059402,7.3407549993923595,0.0,570.4401912606496,113.92316161009433,33.53796896203134,31.035546076775255,6.45610957522639,1351,7,4,0,5,0,142.5037584036848,0.012846060028080942,0.5829149126564428,Agricultural
Bangalore_Hebbal,13.0358,77.597,2026-03-30 14:11:21.546916+05:30,41.663618874694464,110.29261001860891,14.275075283809786,0.0,570.4719840304205,116.7408869838393,33.5024327301327,28.498862734530082,5.84572512035541,1351,7,4,0,14,0,166.23130417711317,0.02497948400397857,0.37436105477019554,Agricultural
Bangalore_Hebbal,13.0358,77.597,2026-03-30 05:41:21.550276+05:30,42.74235513855182,64.8152890150976,10.420630657944727,4.492433291689578,570.4963417425936,24.074439128517007,32.64243050394701,35.657272214772036,6.8921672106794265,1351,7,4,0,5,0,117.97827481159415,0.01823394114154848,0.6494289667063075,Agricultural
Bangalore_Hebbal,13.0358,77.597,2026-03-30 05:26:21.550364+05:30,44.7784467868497,117.60793701488953,2.0960202317101153,0.0,569.5747820393029,110.94630451020011,33.26529829317594,31.738491472990802,6.380435304053862,1351,7,4,0,5,0,164.48240403344934,0.003673524133363705,0.37753330775181093,Agricultural
Bangalore_Hebbal,13.0358,77.597,2026-03-30 04:16:21.550780+05:30,52.46182650342809,28.023551413782283,5.113925958734033,9.208579570842147,569.6786276984412,24.023721463116438,32.76246196724639,35.78721464899208,7.612977541035519,1351,7,4,0,4,0,85.5993038759444,0.008961131029838287,1.8075605481731565,Agricultural
Bangalore_Hebbal,13.0358,77.597,2026-03-30 07:21:21.549681+05:30,41.09772390387546,41.87165255954294,10.973123849454309,0.0,569.9300684043634,67.8191481628242,31.029723353516626,28.995900916745285,5.894919497320759,1351,7,4,0,7,0,93.94250031287271,0.01921973365340876,0.9586223401767934,Agricultural
Bangalore_Hebbal,13.0358,77.597,2026-03-30 04:26:21.550720+05:30,41.23679050658603,107.77705694459999,4.423393532519386,5.561687538316316,570.3392914533011,110.946021593602,33.318233481492136,34.8539887999142,7.153030590230471,1351,7,4,0,4,0,153.4372409837054,0.007742148314826577,0.37909455968815076,Agricultural
Bangalore_Hebbal,13.0358,77.597,2026-03-30 12:36:21.547566+05:30,48.64237055723695,59.43859058527336,11.884540312888387,0.0,569.5240878147613,104.63614388417639,33.96530602585871,35.24064409228844,5.75593331056807,1351,7,4,0,12,0,119.96550145539871,0.020830917689047827,0.8048230457758109,Agricultural
Bangalore_Hebbal,13.0358,77.597,2026-03-30 13:51:21.547053+05:30,38.54077449104882,111.03551901708083,9.693436776804006,7.7655130755936215,569.5000612274871,67.33704540466236,30.777707311797,29.158178983828304,6.298465986962356,1351,7,4,0,13,0,159.26973028493364,0.0169911231139005,0.34400496225820076,Agricultural
Bangalore_Hebbal,13.0358,77.597,2026-03-30 14:31:21.546777+05:30,48.71164728334497,30.938155939197003,1.9124901278907611,2.7153073427938788,570.0530710780839,76.25937442707226,30.64409322383509,27.709346042863753,6.695192418200942,1351,7,4,0,14,0,81.56229335043274,0.0033490584759139725,1.525186594244229,Agricultural
Bangalore_Hebbal,13.0358,77.597,2026-03-30 15:06:21.546523+05:30,50.83498541407068,40.91868378849398,15.43168731345963,7.405067146156568,569.8651589395502,70.338110442997,32.50014808037055,29.46616235940526,7.466758636426773,1351,7,4,0,15,0,107.18535651602429,0.027032105693971274,1.2127047135011448,Agricultural
Bangalore_Hebbal,13.0358,77.597,2026-03-30 10:56:21.548240+05:30,53.84052877842301,48.98693172855806,2.213482427660651,2.447567652428252,570.4009096656403,88.89388092793897,31.177451630270692,31.167786971630726,6.578049407766538,1351,7,4,0,10,0,105.04094293464172,0.0038737817707638713,1.0770920902045154,Agricultural
Bangalore_Hebbal,13.0358,77.597,2026-03-30 15:26:21.546387+05:30,52.747709838535286,113.08810623013808,10.80095097689123,6.316250934608015,570.1250864766905,59.011471278342505,33.803487951809664,31.517310926764793,6.062285557016963,1351,7,4,0,15,0,176.63676704556457,0.018911708192548553,0.46234188279129473,Agricultural
Bangalore_Hebbal,13.0358,77.597,2026-03-30 12:51:21.547465+05:30,51.53021215620916,32.93537565652147,8.341841542426769,5.362133077215833,570.2007731205375,86.56277824651967,31.11894970392434,34.16901368356787,5.788033596039898,1351,7,4,0,12,0,92.8074293551574,0.014604044558368329,1.5184806756752796,Agricultural
Bangalore_Hebbal,13.0358,77.597,2026-03-30 04:11:21.550810+05:30,38.88418809191562,63.18845096474915,15.138407849623588,0.0,569.8412115805293,101.5706823462391,33.26060428089308,33.33465437242717,7.437261501167341,1351,7,4,0,4,0,117.21104690628836,0.026519472565249426,0.6057816866973459,Agricultural
Bangalore_Hebbal,13.0358,77.597,2026-03-30 12:06:21.547768+05:30,42.66852729238275,34.54493310047413,13.246680979662747,4.221271610636424,570.2396520988484,47.624155392539485,33.99481898067122,34.18117808949001,7.084712969387624,1351,7,4,0,12,0,90.46014137251963,0.023189358320963537,1.2004109607344737,Agricultural
Bangalore_Hebbal,13.0358,77.597,2026-03-30 14:06:21.546949+05:30,39.12981077248527,42.036801806894246,3.9364448341668865,7.374411234758997,570.3039033121933,54.46269443077238,33.414217291703416,32.281660276460926,7.50713661287935,1351,7,4,0,14,0,85.10305741354641,0.006890281707065087,0.9092174401820189,Agricultural
Bangalore_Hebbal,13.0358,77.597,2026-03-30 16:01:21.546107+05:30,42.98489828216409,50.41524046890108,10.975369363387014,4.704647057360323,570.4517878133446,83.31638405844998,32.93091444954759,33.98425416731704,6.138689051337289,1351,7,4,0,16,0,104.37550811445219,0.01920611606691121,0.8360341776124502,Agricultural
Bangalore_Hebbal,13.0358,77.597,2026-03-30 13:41:21.547120+05:30,45.4145007177121,113.1323520254925,1.644072376338526,8.03513532361276,569.6402128436366,103.23746156862663,31.167203513970378,29.474712590750467,7.153558952553384,1351,7,4,0,13,0,160.19092511954312,0.002881101505527836,0.39791084571330276,Agricultural
Bangalore_Hebbal,13.0358,77.597,2026-03-30 04:31:21.550691+05:30,47.31367112362193,67.65121388981206,15.043199525397846,0.0,569.5439413059494,110.46888505973293,33.63261363107532,29.177713436658745,6.81399942076601,1351,7,4,0,4,0,130.00808453883184,0.026366417091319275,0.6891891409169001,Agricultural
Bangalore_Hebbal,13.0358,77.597,2026-03-30 09:16:21.548918+05:30,45.40765213956033,21.748336591482513,5.647888778207106,7.059189051650912,569.9387494527733,51.299374380210466,31.949528973986332,27.317295930350852,6.801130462108841,1351,7,4,0,9,0,72.80387750924994,0.009892284914310734,1.9960867009749614,Agricultural
Bangalore_Hebbal,13.0358,77.597,2026-03-30 09:11:21.548952+05:30,39.7243153640088,27.746792102036125,16.162249453344337,4.699955607314679,569.6236979822621,118.32658768249054,33.51393493812048,34.99372397008234,7.334007653953725,1351,7,4,0,9,0,83.63335691938926,0.02832383146808379,1.3818695047088452,Agricultural
Bangalore_Hebbal,13.0358,77.597,2026-03-30 15:01:21.546558+05:30,50.48368541884271,69.4445141449572,6.5497079899643005,6.781309692591026,569.5401657874933,22.638170953672358,32.581935475235866,31.31695944998126,6.75550909242752,1351,7,4,0,15,0,126.47790755376421,0.011479836798035081,0.7166446675316677,Agricultural
Bangalore_Hebbal,13.0358,77.597,2026-03-30 15:31:21.546353+05:30,41.86211040469772,119.98852769082644,7.510202731541844,0.8041664856728934,569.6605017913703,71.791559206363,32.32426791686231,36.38209299869948,6.360917110659719,1351,7,4,0,15,0,169.36084082706603,0.013160544155354078,0.34600065976232036,Agricultural
Bangalore_Hebbal,13.0358,77.597,2026-03-30 09:36:21.548782+05:30,41.56671335798067,35.03282399626252,9.046743760663135,0.0,569.7071898822719,45.14753092799566,30.76696788254129,36.0351187593396,7.086709646068593,1351,7,4,0,9,0,85.64628111490632,0.015851813190805145,1.1535791189247933,Agricultural
Bangalore_Hebbal,13.0358,77.597,2026-03-30 05:16:21.550424+05:30,38.04792043704484,50.13504033544704,13.140631144001452,0.0,570.433063919361,46.33771898191254,32.245359810372044,33.88561047699779,7.527110422124072,1351,7,4,0,5,0,101.32359191649331,0.02299592371129547,0.7440674767722799,Agricultural
Bangalore_Hebbal,13.0358,77.597,2026-03-30 04:56:21.550543+05:30,38.70614172332341,38.01072345882871,14.735350111320784,4.121211751263545,569.6918000533938,108.80175359959405,31.343331142498055,30.234505826370857,6.5204558456213615,1351,7,4,0,4,0,91.4522152934729,0.025820153907839833,0.9921923587029411,Agricultural
Bangalore_Hebbal,13.0358,77.597,2026-03-30 10:06:21.548579+05:30,44.853827554082535,36.64734111229026,8.305718721706748,0.0,570.1934973739257,48.78366110432739,32.79689605464089,32.83518852916704,5.801938302844444,1351,7,4,0,10,0,89.80688738807955,0.014540989629420622,1.1914208607799837,Agricultural
Bangalore_Hebbal,13.0358,77.597,2026-03-30 07:16:21.549710+05:30,43.48676338143517,56.995509395610746,3.6422846957010275,0.0,570.0593631621995,72.29924667284737,33.870040041026925,33.078907967251354,6.75345600687858,1351,7,4,0,7,0,104.12455747274694,0.006378119212566873,0.7498298374240396,Agricultural
Bangalore_Hebbal,13.0358,77.597,2026-03-30 08:21:21.549324+05:30,51.69623979094913,84.01907939121692,11.104846857862116,8.301931104652972,569.9893520377169,26.521812665578054,30.797247082317657,31.958685272224724,6.60198880867206,1351,7,4,0,8,0,146.82016604002817,0.019448430725076956,0.6080545703520017,Agricultural
Bangalore_Hebbal,13.0358,77.597,2026-03-30 07:36:21.549592+05:30,50.62905503338287,42.10993876351506,2.5676238328898737,6.261467230614984,569.9330379342715,76.55271198017772,31.66838805160256,34.73049280006927,6.596295105537391,1351,7,4,0,7,0,95.30661762978781,0.004497241641821874,1.1744172338335912,Agricultural
Bangalore_Hebbal,13.0358,77.597,2026-03-30 10:51:21.548274+05:30,45.31244103480614,56.51098620910553,1.0958919969003436,0.0,569.7420376869311,75.23115185473893,34.23640452233683,27.938780624594894,7.244460152602374,1351,7,4,0,10,0,102.91931924081203,0.001920117889584073,0.7878919145996486,Agricultural
Bangalore_Hebbal,13.0358,77.597,2026-03-30 16:21:21.545845+05:30,42.81844512775009,88.74504636327221,7.235952995377701,6.385013164794226,570.4845115719713,33.398521394248554,32.622084920216054,33.360743996565944,7.150105641792293,1351,7,4,0,16,0,138.79944448639998,0.012661678223743818,0.4771120731770368,Agricultural
Bangalore_Hebbal,13.0358,77.597,2026-03-30 06:11:21.550097+05:30,37.94916216729417,54.98245438904723,3.535078414791492,0.0,570.0026651685785,61.30512662872356,31.298096136117213,27.965828952272492,6.758704746225085,1351,7,4,0,6,0,96.46669497113288,0.006191001601976451,0.6778759984971076,Agricultural
Bangalore_Hebbal,13.0358,77.597,2026-03-30 10:46:21.548308+05:30,52.830276726054855,115.6979083407263,9.034350871808272,0.0,569.5779829542748,31.407069720687204,32.74028557220267,30.130819015610108,6.6497071066245015,1351,7,4,0,10,0,177.56253593858943,0.015833682935032335,0.45270971414333105,Agricultural
Bangalore_Hebbal,13.0358,77.597,2026-03-30 14:01:21.546985+05:30,47.807087589152005,56.40526713370951,3.2058573450213803,0.8944054203002336,570.2658026218043,76.94959020608042,31.083858914879208,34.51340889109385,7.244753466466882,1351,7,4,0,14,0,107.41821206788289,0.005611848863188049,0.8327996711137807,Agricultural
Bangalore_Hebbal,13.0358,77.597,2026-03-30 13:01:21.547397+05:30,47.222429464875724,79.4881762115802,1.236505010200009,3.666747516635298,570.4135943294821,54.84762159489756,33.25781177977789,36.25048949553546,7.0495932117674345,1351,7,4,0,13,0,127.94711068665592,0.002163940484564372,0.586700204769724,Agricultural
Bangalore_Hebbal,13.0358,77.597,2026-03-30 12:41:21.547532+05:30,46.79647570396781,110.55639355914454,15.730813870410085,0.6730822381790835,570.4333463737612,50.35767366835077,31.371068988760353,29.786398480640244,7.189051724231818,1351,7,4,0,12,0,173.08368313352244,0.027528694239206907,0.4194871688744351,Agricultural
Bangalore_Hebbal,13.0358,77.597,2026-03-30 11:21:21.548073+05:30,53.212098137749805,91.02774053493629,16.149531297028506,0.0,570.0309538497658,43.43603512559088,33.81631263020084,35.94695288850369,7.249940085261969,1351,7,4,0,11,0,160.3893699697146,0.028281358809276274,0.5782180223967253,Agricultural
Bangalore_Hebbal,13.0358,77.597,2026-03-30 06:06:21.550126+05:30,44.49729446252807,65.03599264670197,9.54687996942646,2.1273557123657882,569.9051607111663,108.29455442957844,33.142904234468716,29.416008425748316,6.3185206157834095,1351,7,4,0,6,0,119.08016707865649,0.01672235710312039,0.6738339605280453,Agricultural
Bangalore_Hebbal,13.0358,77.597,2026-03-30 14:21:21.546848+05:30,52.12592357689596,68.292355113957,8.77519252928544,0.0,569.5762081302918,21.31796557982069,32.509747188713646,35.78391320782603,6.383489650552613,1351,7,4,0,14,0,129.1934712201384,0.015379527579743762,0.7522608156580992,Agricultural
Delhi_Anand_Vihar,28.6469,77.3153,2026-03-30 10:26:13.008237+05:30,294.8498022707487,58.736321309096574,13.13080895113637,40.07597167218861,45.101838617437224,40.57452677389303,31.30108006415742,25.496828289213685,6.634140726265499,304,7,0,0,10,0,366.71693253098164,0.28482180635133864,4.9358546996071775,Burning
Delhi_Anand_Vihar,28.6469,77.3153,2026-03-30 09:36:13.008521+05:30,297.0951606063438,82.43144176449441,18.33527281245202,105.26278985862751,68.75981996903965,27.807727880419044,31.41838692350985,21.711377415232164,6.479850421957835,304,7,0,0,9,0,397.8618751832903,0.2628342908652783,3.5609496171115844,Burning
Delhi_Anand_Vihar,28.6469,77.3153,2026-03-30 04:41:13.010196+05:30,303.6911353325588,87.79837842995572,4.348758353951396,45.05868500329697,20.278617540718283,37.568025966603,28.281409351278192,23.84300357966182,6.258200873936135,304,7,0,0,4,0,395.83827211646593,0.2043722222851043,3.420007670208874,Burning
Delhi_Anand_Vihar,28.6469,77.3153,2026-03-30 09:46:13.008465+05:30,301.79529478553775,93.91390647978558,8.766969811304884,57.94145112926005,80.7422278875971,39.512816792839516,30.50773395211134,23.278383782182473,7.95367803088702,304,7,0,0,9,0,404.4761710766282,0.10725141750920045,3.179674148696145,Burning
Chennai_Adyar,13.0067,80.2575,2026-03-30 13:31:41.342834+05:30,86.51565987649572,90.46059405309177,16.1470372742006,10.842622693039864,4249.581665362474,16.26164997656607,31.247671114979386,71.12219196773923,7.511508366317592,509,1,0,0,13,0,193.12329120378809,0.0037987829773466165,0.9459337190208323,Burning
Chennai_Adyar,13.0067,80.2575,2026-03-30 06:11:41.345440+05:30,88.21329713224567,105.01066402979562,7.823497107077554,1.5714739757218146,4249.795191234001,18.956536566968595,32.60188911269076,68.37785977728232,5.903194122372221,509,1,0,0,6,0,201.04745826911883,0.0018404784881687986,0.832117201977456,Burning
Delhi_Anand_Vihar,28.6469,77.3153,2026-03-30 13:01:13.007352+05:30,294.1055454655159,104.44683488381997,12.973331525312462,92.56343404193622,79.48594576009359,74.86883419842053,28.915166440306308,22.739926413312286,7.512346849084374,304,7,0,0,13,0,411.5257118746483,0.16118753905163005,2.7891358312419503,Burning
Mumbai_Worli,19.0176,72.8562,2026-03-30 08:21:30.769740+05:30,73.38854353883906,75.99820031324822,97.29446863909592,30.826689625277893,2099.65672291909,74.20286349510354,29.548385633260914,60.49153667526721,5.85593307962165,478,13,0,0,8,0,246.6812124911832,0.04631621510433876,0.953120244892424,Burning
Delhi_Anand_Vihar,28.6469,77.3153,2026-03-30 09:31:13.008549+05:30,302.87932041201265,111.11187890323842,18.28934079556753,115.13006066317674,28.547891680681207,39.374310655690266,29.439441157468888,25.91798650164089,7.440170089159025,304,7,0,0,9,0,432.28054011081855,0.6189727846987247,2.7015809865555984,Burning
Chennai_Adyar,13.0067,80.2575,2026-03-30 06:06:41.345491+05:30,83.97591700139466,45.121340439049376,13.015289784028054,0.16174883675079332,4250.436032963338,17.87675559856759,31.68987945818117,73.23471275202616,6.3222225475433875,509,1,0,0,6,0,142.11254722447208,0.003061386713363327,1.8207605460290373,Burning
Mumbai_Worli,19.0176,72.8562,2026-03-30 11:31:30.768639+05:30,70.95917914893943,70.85342346431435,28.637969138139248,18.86054108075043,2100.148805796305,37.55313947067655,29.867228307292777,65.29136058258476,6.934579364204023,478,13,0,0,11,0,170.45057175139303,0.013629672043758876,0.9875546039108486,Burning
Delhi_Anand_Vihar,28.6469,77.3153,2026-03-30 15:31:13.006422+05:30,293.56250947256217,71.90919251314027,13.464661704762477,100.58778361469263,33.97680036078047,48.67129285486908,30.21937207555333,18.26368096814814,7.957405059071643,304,7,0,0,15,0,378.93636369046493,0.38495978951409227,4.026412848004783,Burning
Delhi_Anand_Vihar,28.6469,77.3153,2026-03-30 09:26:13.008578+05:30,304.25326609383626,92.30843265327024,16.036671936225424,68.09898056019071,65.58362983303545,53.51935758914885,30.520389588452225,18.672704961156377,7.3096379729527765,304,7,0,0,9,0,412.59837068333195,0.24085007045183401,3.260726361404302,Burning
Mumbai_Worli,19.0176,72.8562,2026-03-30 06:01:30.770552+05:30,76.27007087839416,70.54239195959737,29.030314548837193,33.53064950524407,2100.173887953156,119.40463577941803,29.879245083834505,63.7414106632287,6.38136018064399,478,13,0,0,6,0,175.84277738682871,0.013816236112241465,1.066082203701921,Burning
Chennai_Adyar,13.0067,80.2575,2026-03-30 12:01:41.343361+05:30,89.79401837215458,34.32891317650285,10.376586606584949,1.7652548740725988,4250.217596927318,25.95753094661744,32.641936175906544,66.65746313983644,7.4018515928523545,509,1,0,0,12,0,134.49951815524238,0.0024408505022384427,2.541658100931231,Burning
Delhi_Anand_Vihar,28.6469,77.3153,2026-03-30 09:21:13.008606+05:30,294.05757024569044,103.10737837712739,6.657840529678117,81.13207858925122,60.498848247204734,60.07347072923223,30.974241965482776,21.81889017326047,7.560471737766226,304,7,0,0,9,0,403.822789152496,0.10825959704018898,2.824560322520767,Burning
Delhi_Anand_Vihar,28.6469,77.3153,2026-03-30 11:31:13.007869+05:30,293.7339305917567,109.29009162267687,6.114611173082045,86.67508463670853,46.73590044628109,80.47428657274745,29.388840115365532,24.662132745646282,7.910464611632585,304,7,0,0,11,0,409.1386333875156,0.12809250723075882,2.663284854243078,Burning
Delhi_Anand_Vihar,28.6469,77.3153,2026-03-30 15:51:13.006275+05:30,296.13505728406244,68.70308291321746,11.684560965941353,80.70011455062732,92.16319081207713,64.65977467151913,28.55512337703044,18.611631055631587,7.813265758003445,304,7,0,0,15,0,376.52270116322126,0.12542036038150203,4.248521656535048,Burning
Chennai_Adyar,13.0067,80.2575,2026-03-30 07:21:41.345024+05:30,91.16378708972152,107.04830807616591,14.306540493736899,12.724080503466979,4250.238932511432,7.171644894316849,32.05987692300654,66.29003425398035,6.613347612168769,509,1,0,0,7,0,212.51863565962432,0.0033652638021183317,0.8437317410417748,Burning
Chennai_Adyar,13.0067,80.2575,2026-03-30 14:46:41.342390+05:30,83.04839223298461,80.02370686174959,17.288971419631572,6.694857990840439,4250.439612411009,18.834008067261934,31.012892314630456,70.03619894950272,6.174161045609541,509,1,0,0,14,0,180.36107051436576,0.004066615780960587,1.0249888020390099,Burning
Chennai_Adyar,13.0067,80.2575,2026-03-30 14:26:41.342509+05:30,91.75718137845776,24.96707780418022,7.088441531576043,8.236642003492406,4249.832439176361,7.622027200598804,30.510943160551925,65.08372008282993,6.599634380508958,509,1,0,0,14,0,123.81270071421402,0.0016675419774837082,3.5335967362367797,Burning
Mumbai_Worli,19.0176,72.8562,2026-03-30 15:41:30.767163+05:30,78.62531462615229,77.3183774239367,118.79710449196624,33.27648899218264,2100.347072837441,85.74257145287692,32.826960850946506,66.40477373466915,6.522402442525016,478,13,0,0,15,0,274.74079654205525,0.05653378541201905,1.0039190955215294,Burning
Delhi_Anand_Vihar,28.6469,77.3153,2026-03-30 05:26:13.009941+05:30,294.9417593115908,70.83990312289002,12.35142361355803,85.31168784954743,20.753182446565713,47.83941283290828,28.6152179198049,18.74307726076731,6.329915433287476,304,7,0,0,5,0,378.1330860480388,0.5677984655301787,4.1055422751205635,Burning
Delhi_Anand_Vihar,28.6469,77.3153,2026-03-30 07:16:13.009314+05:30,297.798161593329,107.46939176438354,13.601496237602866,57.49113208345021,59.05229455429834,100.67097708146612,31.724018631594678,22.512415267279962,6.539050684399139,304,7,0,0,7,0,418.8690495953154,0.22649419707526092,2.7454580204543237,Burning
Delhi_Anand_Vihar,28.6469,77.3153,2026-03-30 10:16:13.008293+05:30,303.8864078045614,47.70651814148635,12.224588580812258,95.30046858269397,112.93391741272919,70.52613796024035,28.875780790389168,21.07481123465231,7.268370645318589,304,7,0,0,10,0,363.81751452686,0.10729542930160386,6.239132243487603,Burning
Delhi_Anand_Vihar,28.6469,77.3153,2026-03-30 10:31:13.008209+05:30,303.0897142941918,59.76855401089764,14.242677101031218,70.48264172989501,71.01229995544935,115.56811137903682,31.88553987646818,18.648750322469596,6.252933746657256,304,7,0,0,10,0,377.1009454061207,0.1977811722419989,4.9876078051789525,Burning
Chennai_Adyar,13.0067,80.2575,2026-03-30 04:01:41.346239+05:30,89.50412229323858,65.40875597962759,15.456076865122998,6.389808138176735,4249.983403411861,10.295088555721925,31.22068663691936,66.85430989304955,7.315751399859185,509,1,0,0,4,0,170.3689551379892,0.0036358826648718204,1.347775921607326,Burning
Delhi_Anand_Vihar,28.6469,77.3153,2026-03-30 09:11:13.008662+05:30,301.67194321985266,49.09818751032975,10.227486907305522,98.60629283103565,24.819691841516395,87.32808568893782,28.93705653108395,16.217506818798434,7.956149934801992,304,7,0,0,9,0,360.99761763748796,0.3961118889444058,6.021613918819935,Burning
Chennai_Adyar,13.0067,80.2575,2026-03-30 05:41:41.345641+05:30,92.42732427531061,59.79719010025211,18.077490181660192,9.190271891920862,4250.325995246609,0.0,31.643784712072787,66.35996159563454,7.520693897004249,509,1,0,0,5,0,170.3020045572229,0.004252200419791981,1.520256513876738,Burning
Delhi_Anand_Vihar,28.6469,77.3153,2026-03-30 04:16:13.010337+05:30,297.32347951441,83.39340027906911,5.071400574221462,36.56426648161033,68.92743337106813,46.228442211395254,32.100015194460155,17.156865402682293,7.407369419554968,304,7,0,0,4,0,385.78828036770057,0.07252376255982691,3.523065530375968,Burning
Delhi_Anand_Vihar,28.6469,77.3153,2026-03-30 15:16:13.006520+05:30,296.49762081558663,79.89560870475229,4.968783026182544,95.44580959803271,61.99804646981755,21.1349651748939,29.665221705234124,17.436054555976142,7.3809591957390435,304,7,0,0,15,0,381.3620125465215,0.07887201754046604,3.6651880808230892,Burning
Delhi_Anand_Vihar,28.6469,77.3153,2026-03-30 13:51:13.007061+05:30,302.913920635904,106.10195353020494,17.79127853549943,75.91182095168887,92.63315281088349,44.36281307221324,31.456263147024227,19.13335599089502,7.41681544655157,304,7,0,0,13,0,426.80715270160835,0.19001046105361363,2.828276335318908,Burning
Mumbai_Worli,19.0176,72.8562,2026-03-30 08:46:30.769596+05:30,71.75188186744774,86.84380294507761,21.30985603786703,18.717425261279907,2099.9767715464923,107.71822647286515,32.88853257890587,64.0117634959915,6.906255763802771,478,13,0,0,8,0,179.90554085039238,0.010142832765438533,0.8168121081040743,Burning
Mumbai_Worli,19.0176,72.8562,2026-03-30 12:26:30.768316+05:30,77.94848156365873,83.50302448147086,97.49413843293095,18.468699791701574,2099.633684326666,41.15717905282044,29.498344159410603,61.27173787534044,6.65706431633237,478,13,0,0,12,0,258.94564447806056,0.04641177524684966,0.9224342210467348,Burning
Delhi_Anand_Vihar,28.6469,77.3153,2026-03-30 09:56:13.008408+05:30,301.60027554240895,49.678901583885555,9.860629356680127,55.12527748213673,85.0958881837074,39.05066239520164,29.18554234758438,18.012410546496625,6.757769718096511,304,7,0,0,9,0,361.1398064829746,0.11453078148912262,5.9511999296825575,Burning
Mumbai_Worli,19.0176,72.8562,2026-03-30 15:56:30.767075+05:30,70.13913175954778,70.21005091881665,51.23733459334137,28.201179563452367,2099.5804140967366,36.60655773352168,29.349943244490813,60.925279535924595,6.1145067055893065,478,13,0,0,15,0,191.58651727170582,0.024391989113815366,0.9849611235288994,Burning
Delhi_Anand_Vihar,28.6469,77.3153,2026-03-30 12:56:13.007382+05:30,293.619187812944,38.292184785509825,8.757366897170757,60.277423873273676,117.45876548159482,21.577126620294177,31.96971030408484,21.048496562180134,7.660676157236814,304,7,0,0,12,0,340.6687394956246,0.07392755497296995,7.472712179680701,Burning
Chennai_Adyar,13.0067,80.2575,2026-03-30 14:51:41.342360+05:30,84.134323600366,117.55982091488043,9.072480840126296,7.2314276892987115,4250.1863119152895,4.50230978600101,30.0609406115659,69.61403988934235,6.9703595133686385,509,1,0,0,14,0,210.76662535537272,0.0021341056765020647,0.7096360550406863,Burning
Delhi_Anand_Vihar,28.6469,77.3153,2026-03-30 16:11:13.006129+05:30,297.964325391621,52.128080277785266,5.081148204513214,56.951669325775505,77.35854695271286,93.60768081106933,30.905287646747425,20.568869988755296,6.234757181112428,304,7,0,0,16,0,355.1735538739195,0.06484484975939564,5.608415057229358,Burning
Delhi_Anand_Vihar,28.6469,77.3153,2026-03-30 09:51:13.008437+05:30,295.5825066737209,57.035469096615806,18.271671887103228,79.08928035443245,90.12332416863467,41.77606255743348,32.01175127913629,21.474111708011492,6.983541148982236,304,7,0,0,9,0,370.88964765744,0.200515861924542,5.093135478609529,Burning
Chennai_Adyar,13.0067,80.2575,2026-03-30 11:01:41.343718+05:30,85.53981739958392,76.30254577577458,12.495754259143881,2.642689019503213,4250.15417685457,0.0,32.338215035112455,74.32195828787671,6.306574034475435,509,1,0,0,11,0,174.3381174345024,0.002939379222512577,1.1065588660909378,Burning
Mumbai_Worli,19.0176,72.8562,2026-03-30 14:16:30.767675+05:30,72.46192207625379,74.72056400394088,72.4962123504634,20.107997522138206,2100.027977062268,62.46234014994491,29.370621881829564,62.81231501062354,6.787423982636774,478,13,0,0,14,0,219.67869843065807,0.03450511518263083,0.9569649015356317,Burning
Chennai_Adyar,13.0067,80.2575,2026-03-30 15:51:41.342001+05:30,83.42079512097399,39.06120173921482,8.389150456378202,0.004972464504059637,4250.032974488647,0.0,30.79434376530993,65.55558608031225,7.1757508108979735,509,1,0,0,15,0,130.871147316567,0.001973438104743783,2.0823338167440855,Burning
Mumbai_Worli,19.0176,72.8562,2026-03-30 07:41:30.769972+05:30,78.19503142959289,89.78016050206202,74.89276844272862,22.804407556791592,2100.4203681949966,30.046395596860403,29.191821482930365,60.56417885211496,7.271786194473718,478,13,0,0,7,0,242.86796037438353,0.03563911798716282,0.8613669660544028,Burning
Mumbai_Worli,19.0176,72.8562,2026-03-30 04:26:30.771113+05:30,75.3943795042911,74.15535719794231,96.48478743975453,22.76340118950562,2099.565207875325,66.2052565918255,32.7824533750509,57.40662324934539,7.295566663702563,478,13,0,0,4,0,246.03452414198796,0.04593277422572696,1.0031803761602682,Burning
Chennai_Adyar,13.0067,80.2575,2026-03-30 05:21:41.345761+05:30,83.79182617335887,22.711637335225568,3.742095314445196,4.743512225917104,4249.638258657409,16.304357046628155,31.141117854863957,68.03951699075428,7.528576159181908,509,1,0,0,5,0,110.24555882302964,0.0008803608038918749,3.5337849085975725,Burning
Mumbai_Worli,19.0176,72.8562,2026-03-30 13:21:30.767996+05:30,78.52876688967481,75.89097132298602,103.16842539140599,22.48219507116707,2099.9998767591137,97.21017232729918,31.14579161435082,61.23775312313954,6.205569320973349,478,13,0,0,13,0,257.58816360406684,0.04910444142935787,1.0213002325046605,Burning
Chennai_Adyar,13.0067,80.2575,2026-03-30 09:16:41.344343+05:30,89.05847850534867,84.91734603881557,10.930225508043817,7.59573992223853,4249.838994498814,14.964007558972002,33.195127266114255,70.73954484537929,7.3163006224296705,509,1,0,0,9,0,184.90605005220806,0.0025713101630499466,1.0365599336030935,Burning
Delhi_Anand_Vihar,28.6469,77.3153,2026-03-30 07:31:13.009229+05:30,293.7542226134324,89.26989293923832,7.680032928548943,32.92810712175621,61.697426002088775,43.03984276558959,30.901597388315466,22.732823391011053,6.217182301978866,304,7,0,0,7,0,390.70414848121965,0.12249359213395908,3.254177146428673,Burning
Chennai_Adyar,13.0067,80.2575,2026-03-30 09:06:41.344402+05:30,84.8845495510184,96.27399568479098,12.166304034783868,8.050884887834318,4249.719439246944,0.498652775285338,33.14965923862802,68.92200822617698,7.136731858090938,509,1,0,0,9,0,193.32484927059323,0.0028621752643687177,0.8726335230032121,Burning
Mumbai_Worli,19.0176,72.8562,2026-03-30 14:11:30.767704+05:30,71.33982463596574,87.40910176002961,49.307731201893034,19.234309037276844,2100.3477000328594,70.12992079675571,28.981572238132344,61.82372330291443,7.628790442476708,478,13,0,0,14,0,208.05665759788837,0.023464813177334714,0.8069285086687645,Burning
Chennai_Adyar,13.0067,80.2575,2026-03-30 06:26:41.345350+05:30,92.13536790736929,80.19386383718675,16.70126576023152,12.753627905383492,4249.913509489876,0.0,32.85291719834561,74.77846278812142,6.700544054187562,509,1,0,0,6,0,189.03049750478755,0.003928865106981612,1.1347577705148124,Burning
Delhi_Anand_Vihar,28.6469,77.3153,2026-03-30 07:41:13.009172+05:30,292.0676777528216,78.87531311758437,14.617433233601847,61.94653473810126,81.24083041554152,100.4812640936379,31.655715590943338,19.885164838715877,6.315473912167596,304,7,0,0,7,0,385.56042410400784,0.17773936814285263,3.656545011884574,Burning
Chennai_Adyar,13.0067,80.2575,2026-03-30 05:46:41.345611+05:30,79.7178760621542,79.1913208285071,11.515475787998575,6.029311494305788,4249.7639331082,7.686078164283224,33.15027073428766,70.17383482720217,6.57538356473299,509,1,0,0,5,0,170.42467267865987,0.0027090367682635215,0.9940960597548283,Burning
Delhi_Anand_Vihar,28.6469,77.3153,2026-03-30 10:21:13.008265+05:30,294.86786112996333,41.01567823357464,4.934003516574739,56.67865168202189,27.792559815188206,27.84477967306899,29.167229978183027,21.19747556611016,6.5951485774196374,304,7,0,0,10,0,340.81754288011274,0.17136383663852042,7.018043585794958,Burning
Mumbai_Worli,19.0176,72.8562,2026-03-30 07:36:30.770001+05:30,74.48936403760014,88.48443361738293,42.93027428927709,21.956943678221158,2100.4184298496048,28.74534572367558,30.566607421262944,57.8127528468433,6.740238221056618,478,13,0,0,7,0,205.90407194426015,0.020429189008468695,0.8324281780236925,Burning
Chennai_Adyar,13.0067,80.2575,2026-03-30 05:11:41.345821+05:30,91.36512716850945,23.634235918081885,13.83898879267051,6.669171996853932,4250.456170461874,25.758151715147953,30.4616246181415,73.71120154220178,6.372266519059195,509,1,0,0,5,0,128.83835187926184,0.0032551173616279,3.7088679134328713,Burning
Chennai_Adyar,13.0067,80.2575,2026-03-30 11:16:41.343627+05:30,87.7849658623663,102.2684337102059,12.97705957100436,2.531196714568261,4250.306783465529,7.313511414451556,29.9245228025115,67.72161095659347,7.596024355327191,509,1,0,0,11,0,203.03045914357656,0.0030524872073395457,0.8500658207784033,Burning
Delhi_Anand_Vihar,28.6469,77.3153,2026-03-30 11:46:13.007785+05:30,307.5741025454004,117.12770284275797,18.947190171880592,54.43595906378283,68.13741346325814,28.074167896581265,30.203060315989447,20.308172114689587,6.9764130208983435,304,7,0,0,11,0,443.648995560039,0.2740511862213321,2.603742349538602,Burning
Delhi_Anand_Vihar,28.6469,77.3153,2026-03-30 08:51:13.008775+05:30,304.6164577207526,86.9952294505366,6.2008505471195345,108.72402978252549,54.29142422214635,101.66742576730643,30.580547182301565,20.41585440820356,6.977109958323548,304,7,0,0,8,0,397.81253771840875,0.11214850466152136,3.461738319484489,Burning
Chennai_Adyar,13.0067,80.2575,2026-03-30 16:06:41.341910+05:30,91.25586358720025,97.719539742012,16.155209627903385,12.177321586844695,4249.655830734429,16.52801839032341,31.85704870327146,69.4125882477929,6.348948564174871,509,1,0,0,16,0,205.13061295711566,0.0038006393063143113,0.9243951483736969,Burning
Delhi_Anand_Vihar,28.6469,77.3153,2026-03-30 09:06:13.008690+05:30,295.39596259925287,101.97416175996034,12.862318090196675,112.11510226492527,57.6027767332148,59.85899286333806,29.15656327171414,21.170179966847847,8.089883923679452,304,7,0,0,9,0,410.23244244940986,0.21948308266605715,2.8686415849428384,Burning
Mumbai_Worli,19.0176,72.8562,2026-03-30 16:16:30.766951+05:30,65.41876747529292,73.1702551871312,103.48012531612375,20.809748829138382,2100.3922550939483,38.34197768569816,31.660625472762277,58.933986683051515,7.050607181120139,478,13,0,0,16,0,242.06914797854787,0.04924360269496539,0.8820081218574978,Industrial
Mumbai_Worli,19.0176,72.8562,2026-03-30 10:41:30.768930+05:30,64.51392620254116,85.29843301232661,69.4032454745331,26.43576351113319,2099.934841449611,106.24747448493883,32.60393265148879,66.48384162999228,7.33566351326553,478,13,0,0,10,0,219.21560468940086,0.03303445880627406,0.7475677593511597,Industrial
Mumbai_Worli,19.0176,72.8562,2026-03-30 14:36:30.767559+05:30,67.11887547244856,76.7841252489886,99.46879448314948,23.304038198589957,2100.2458247223212,61.4131948192741,32.866116461729185,59.96775925986425,6.527845000463358,478,13,0,0,14,0,243.37179520458665,0.047338009343240096,0.8628865498917633,Industrial
Mumbai_Worli,19.0176,72.8562,2026-03-30 16:01:30.767045+05:30,66.83922498218058,82.2937589909184,61.60899203586178,32.83494060050981,2100.032878922437,119.49123153852878,32.59360193150021,63.72373903485678,6.44310764733506,478,13,0,0,16,0,210.74197600896076,0.02932319272769276,0.802451777803282,Industrial
Mumbai_Worli,19.0176,72.8562,2026-03-30 14:51:30.767471+05:30,68.33674868773451,85.75660943745439,87.54441100658742,25.487678857608937,2100.160845857616,113.54732007669084,29.030355192530756,62.066061962143124,6.079887897322355,478,13,0,0,14,0,241.63776913177634,0.041664783150313765,0.7876834875272605,Industrial
Mumbai_Worli,19.0176,72.8562,2026-03-30 06:16:30.770465+05:30,65.59031069308702,85.1226571948032,75.87219521911767,29.719697995754103,2099.511298442247,97.58916003266816,29.943692155203127,63.80041331197364,6.745259794935224,478,13,0,0,6,0,226.58516310700787,0.03612082223760709,0.7615918136934222,Industrial
Mumbai_Worli,19.0176,72.8562,2026-03-30 13:46:30.767850+05:30,69.18836282650693,87.05983178088816,94.84250895639934,19.432117715705026,2099.5158660908482,67.53640247018154,32.29604958048328,66.45299012434639,6.12422094266387,478,13,0,0,13,0,251.09070356379442,0.04515200788885513,0.7856971950464599,Industrial
Mumbai_Worli,19.0176,72.8562,2026-03-30 08:01:30.769856+05:30,66.68515892501884,87.92893090063284,111.47850789151623,19.151045761612302,2100.2147445496794,88.12500255009762,31.362256400958504,62.98730087646569,6.145310304342754,478,13,0,0,8,0,266.0925977171679,0.05305431450101864,0.7498702418848521,Industrial
Mumbai_Worli,19.0176,72.8562,2026-03-30 07:01:30.770203+05:30,68.59840035044063,75.61527704700492,100.98491699767679,31.612625418582006,2099.9759076246637,56.28934122412496,29.25063182100056,62.32157267841192,6.882038046240259,478,13,0,0,7,0,245.19859439512237,0.04806571871252395,0.8953619042368561,Industrial
Mumbai_Worli,19.0176,72.8562,2026-03-30 05:51:30.770609+05:30,67.6771367713791,83.9805220078791,98.42108587612012,32.163344858437036,2100.4211535961444,46.6554824423182,31.002285957217442,61.20224389236063,6.821664128334342,478,13,0,0,5,0,250.07874465537833,0.046835488311180715,0.796384102760681,Industrial
Mumbai_Worli,19.0176,72.8562,2026-03-30 05:41:30.770678+05:30,65.24811713627462,71.15228575855281,94.38096932589943,26.34168775887379,2100.4989052127803,42.319762066493794,31.924194499618128,64.75419927588932,6.900769756808878,478,13,0,0,5,0,230.78137222072687,0.04491126266675033,0.9043111586875848,Industrial
Mumbai_Worli,19.0176,72.8562,2026-03-30 07:51:30.769914+05:30,63.67968128144945,77.78457252063717,31.843928470786057,22.076377029396216,2099.545664394202,27.28079826865452,31.863584802871426,59.26892247488001,6.9623312902022505,478,13,0,0,7,0,173.30818227287267,0.01515983632756199,0.8082760271976969,Industrial
Mumbai_Worli,19.0176,72.8562,2026-03-30 10:26:30.769017+05:30,64.47961031188544,84.97488861358457,75.5150153020628,21.61276669890274,2099.9228292196954,47.78228599169698,30.74767507025541,64.03294256756718,6.353327305347947,478,13,0,0,10,0,224.9695142275328,0.035943735891579544,0.7499818999672104,Industrial
Mumbai_Worli,19.0176,72.8562,2026-03-30 14:06:30.767733+05:30,66.1264506998245,71.45631373437952,20.061235363275003,28.56413899078271,2100.058532460292,76.81177987369433,32.92427918723227,65.75691195770254,5.718825074529567,478,13,0,0,14,0,157.643999797479,0.009548156347545324,0.9126389032464457,Industrial
Mumbai_Worli,19.0176,72.8562,2026-03-30 08:41:30.769625+05:30,63.552977954344016,78.80521218487644,58.797319008750804,22.45787542586733,2100.096514762034,50.180588678629135,32.75315961210788,62.649060793794376,6.176914375889297,478,13,0,0,8,0,201.15550914797126,0.02798411143688469,0.7963512183529747,Industrial
Mumbai_Worli,19.0176,72.8562,2026-03-30 05:46:30.770638+05:30,63.278087696252136,87.7909349184983,50.689423377414194,22.543141205381925,2100.2647521780377,98.19316112765726,30.206940049781878,62.1606412106886,6.704913964747261,478,13,0,0,5,0,201.7584459921646,0.024123292091047906,0.7126638294138411,Industrial
Mumbai_Worli,19.0176,72.8562,2026-03-30 10:01:30.769161+05:30,67.06306722131228,89.13978887281311,115.84202471819965,27.36299671728692,2100.4099641873017,105.09472506176769,29.336256887387716,60.59443392238479,7.249674517093145,478,13,0,0,10,0,272.04488081232506,0.05512585677826094,0.7439896194558211,Industrial
Mumbai_Worli,19.0176,72.8562,2026-03-30 06:06:30.770523+05:30,66.15542647173297,70.67278647000818,77.53405440374254,26.695301693170737,2099.741657992191,99.6364301144317,30.673728376114354,63.381432335153214,6.352669358209493,478,13,0,0,6,0,214.36226734548367,0.036907943491655534,0.9230201549289007,Industrial
Mumbai_Worli,19.0176,72.8562,2026-03-30 15:36:30.767201+05:30,63.51136659163071,81.6371804311426,39.40356394829884,19.14551663219354,2100.4215533199513,72.35414885968781,30.433579484946595,66.570693790236,7.4039146527367565,478,13,0,0,15,0,184.55211097107212,0.01875090882457484,0.7685567956248402,Industrial
Mumbai_Worli,19.0176,72.8562,2026-03-30 09:51:30.769219+05:30,64.2180699972816,76.61731170755498,78.62854166607165,27.9913231955042,2100.1557086156463,28.115911888631434,30.45862461938938,60.49299491112464,5.871842128423912,478,13,0,0,9,0,219.46392337090822,0.03742156820822972,0.8273678717351255,Industrial
Mumbai_Worli,19.0176,72.8562,2026-03-30 15:51:30.767104+05:30,65.74159473895313,70.10279589182778,87.96208917519128,20.446849608406588,2099.8926017997846,53.012315475815235,31.204903900378515,64.96459642080556,5.949158462783113,478,13,0,0,15,0,223.80647980597217,0.04186891281345665,0.9245992919739623,Industrial
Mumbai_Worli,19.0176,72.8562,2026-03-30 15:01:30.767412+05:30,64.29333714517921,78.87205191807135,105.18916531039437,24.95479070111398,2099.638620134541,80.38708656150854,31.240137964691385,62.46629927279677,6.123024812501366,478,13,0,0,15,0,248.35455437364493,0.050074850715473025,0.8049541185085368,Industrial
Mumbai_Worli,19.0176,72.8562,2026-03-30 12:01:30.768462+05:30,64.57748425999534,74.51586617157159,67.53389303029984,24.317793526638013,2099.647049056225,59.08888772362988,31.950776326986308,63.95187271771954,6.782598185533862,478,13,0,0,12,0,206.62724346186678,0.0321490909482587,0.8551512090621551,Industrial
Mumbai_Worli,19.0176,72.8562,2026-03-30 12:56:30.768141+05:30,66.80838146366156,89.79161756196065,70.03991529989295,26.653742300346384,2099.7621072166917,44.70217504955731,32.87323480153785,61.86328256579966,6.469998437539412,478,13,0,0,12,0,226.63991432551515,0.033340241172137824,0.7358430575164965,Industrial
Mumbai_Worli,19.0176,72.8562,2026-03-30 13:16:30.768025+05:30,69.6465050764731,73.22780541695077,116.75308851588113,22.87558599140801,2099.616213473825,41.777495220360805,30.96256687879629,60.11834322362724,6.620108716295744,478,13,0,0,13,0,259.627399009305,0.055580399583227316,0.9382805363199991,Industrial
Mumbai_Worli,19.0176,72.8562,2026-03-30 10:46:30.768901+05:30,64.42958422900944,69.97676334927006,80.66500651219994,23.632626869073366,2099.7274225924107,48.9926684163017,31.804461008760466,57.189642904970555,6.334544218784008,478,13,0,0,10,0,215.07135409047945,0.03839860690381953,0.9077560202619755,Industrial
Mumbai_Worli,19.0176,72.8562,2026-03-30 09:36:30.769306+05:30,65.41320110521737,83.72849415809753,69.18511707915539,24.633546726003992,2100.2585244865027,24.013455174665737,29.062340163590992,61.65985529073065,7.5656817427924015,478,13,0,0,9,0,218.32681234247028,0.0329255616445685,0.7720330894015518,Industrial
Mumbai_Worli,19.0176,72.8562,2026-03-30 08:26:30.769711+05:30,64.08245199148261,78.75433743180349,39.40260134321561,21.641906389785476,2100.283770741771,23.841763111791174,32.79932114756842,60.30504888997665,6.06359754129303,478,13,0,0,8,0,182.23939076650174,0.01875168023084581,0.8034980172241839,Industrial
Mumbai_Worli,19.0176,72.8562,2026-03-30 13:31:30.767938+05:30,68.76632718413966,87.08262156370992,116.80046933869966,29.573459305504,2099.9353449047912,60.29216651570072,30.099586720308206,64.0605496452208,7.221638120459538,478,13,0,0,13,0,272.64941808654925,0.05559450918942617,0.7807025490766207,Industrial
Mumbai_Worli,19.0176,72.8562,2026-03-30 10:31:30.768988+05:30,68.14607611667348,85.03938718490873,98.02534246238886,22.86663722010027,2100.2695651062545,28.330832322413784,31.940151304001787,64.73598625409585,5.889786636329603,478,13,0,0,10,0,251.21080576397108,0.04665053170245296,0.7920334900830892,Industrial
Mumbai_Worli,19.0176,72.8562,2026-03-30 14:41:30.767530+05:30,66.31652628130978,70.58191375721569,62.6498001937781,19.984881836880792,2099.7730083786896,48.14222345967387,30.518659955592483,57.609300554121795,5.717998742444271,478,13,0,0,14,0,199.54824023230356,0.029822260636397476,0.9264424880597001,Industrial
Mumbai_Worli,19.0176,72.8562,2026-03-30 14:26:30.767617+05:30,64.72775548099851,82.59885068185588,33.525741104488866,28.33657790416509,2100.490786386582,66.47159019275114,29.288402576787156,62.61732253026567,5.977916478833659,478,13,0,0,14,0,180.85234726734325,0.01595331339145905,0.7742660928118105,Industrial
Mumbai_Worli,19.0176,72.8562,2026-03-30 07:21:30.770088+05:30,64.50580166486877,74.54901908866441,81.84751444341309,27.060122169980474,2100.0718168774515,39.75704332910598,30.923038934557567,64.68397819178196,6.988043647896321,478,13,0,0,7,0,220.9023351969463,0.038955124611138876,0.8538271236740307,Industrial
Mumbai_Worli,19.0176,72.8562,2026-03-30 05:31:30.770737+05:30,65.46047049464735,88.6046866762212,106.37190307241035,25.121925776615054,2100.0224107377585,65.25691382178157,31.111021617074243,58.29873530862137,6.587258548895823,478,13,0,0,5,0,260.4370602432789,0.0506286380044174,0.7305473957091453,Industrial
Mumbai_Worli,19.0176,72.8562,2026-03-30 05:06:30.770882+05:30,69.48232682847876,85.36110533508676,102.27360637483493,29.41636042730519,2100.201847450766,84.49829011108396,32.38197233486363,57.730307988575305,5.928061811579793,478,13,0,0,5,0,257.11703853840044,0.04867386086630182,0.8045557842142336,Industrial
Mumbai_Worli,19.0176,72.8562,2026-03-30 12:31:30.768287+05:30,65.37223466315741,74.81568272557335,84.29394495892821,20.358024789285768,2099.8861666088724,106.66140683550302,30.133953730894618,60.54942660093141,6.660231763501677,478,13,0,0,12,0,224.481862347659,0.04012304250400704,0.8622521398347408,Industrial
Mumbai_Worli,19.0176,72.8562,2026-03-30 06:56:30.770232+05:30,66.962047860543,72.54980909706059,31.80040032237486,18.78832387728736,2100.091450848155,43.297008498774105,29.89319882364815,57.13694261076051,7.665090869692085,478,13,0,0,6,0,171.31225727997844,0.01513518143607594,0.9104312938756374,Industrial
Mumbai_Worli,19.0176,72.8562,2026-03-30 11:56:30.768493+05:30,65.54372129298554,82.53799899119868,79.65892186663075,32.95344017313836,2099.5807256000935,56.295449462952746,30.804240441977598,59.77445141508087,6.7173111116449356,478,13,0,0,11,0,227.74064215081495,0.03792233304619788,0.7845976930796611,Industrial
Mumbai_Worli,19.0176,72.8562,2026-03-30 07:11:30.770146+05:30,69.32687191215369,81.99273667880068,52.851614327933106,30.59972840722167,2100.298992063591,22.986244758610457,31.46343261965245,58.84553593418465,7.401041147822145,478,13,0,0,7,0,204.17122291888748,0.025151877256662993,0.8353366172327013,Industrial
Mumbai_Worli,19.0176,72.8562,2026-03-30 12:06:30.768433+05:30,67.82262680937264,74.10424249173604,35.22433111743261,22.59239439042591,2100.4549469392628,79.94134116839336,32.4807774910165,60.304929565148036,7.4452682217358905,478,13,0,0,12,0,177.1512004185413,0.01676187784503128,0.9030465464961632,Industrial
Mumbai_Worli,19.0176,72.8562,2026-03-30 12:51:30.768171+05:30,65.89200712713135,73.14126334719107,54.66719913546319,33.2593516323062,2099.8028253238517,34.02723353673272,32.62151387059241,61.4496835044674,6.184181428264649,478,13,0,0,12,0,193.7004696097856,0.02602205141600374,0.8887359636505,Industrial
Mumbai_Worli,19.0176,72.8562,2026-03-30 10:06:30.769133+05:30,66.85993961963771,75.44344385671057,62.55751456551937,32.85723648507202,2099.8059145760394,70.83610999190307,31.85696798568627,62.500350922084365,7.116132956428819,478,13,0,0,10,0,204.86089804186767,0.029777864833431797,0.8746327513051785,Industrial
Mumbai_Worli,19.0176,72.8562,2026-03-30 08:06:30.769827+05:30,67.733635310139,85.3581146312526,21.687619477217396,30.629363424125167,2100.3731989117755,85.70937015787509,30.827032946646007,58.19812970765754,5.809574061109689,478,13,0,0,8,0,174.77936941860898,0.010320689103891029,0.7843343454099275,Industrial
Mumbai_Worli,19.0176,72.8562,2026-03-30 04:41:30.771027+05:30,69.66528208941655,87.87155333527477,23.477936832786412,28.443087308553586,2100.1313802603263,61.83369668488479,32.52179245638076,66.94436763868603,7.197053145158659,478,13,0,0,4,0,181.01477225747774,0.011173949926861566,0.7838873011097142,Industrial
Mumbai_Worli,19.0176,72.8562,2026-03-30 11:11:30.768756+05:30,64.63101216615463,78.27060874526715,110.1556952844012,22.77954748845254,2099.9373440868003,104.51682944546077,29.44537871012841,66.53117280947455,6.229252250229072,478,13,0,0,11,0,253.05731619582298,0.05243168988091923,0.8153212544871926,Industrial
Mumbai_Worli,19.0176,72.8562,2026-03-30 06:11:30.770494+05:30,63.89735154078344,89.43673138099962,103.98902763961962,25.4320463326172,2099.9232010206147,103.4134335191183,32.05357960427543,59.02733987710771,6.331271920637112,478,13,0,0,6,0,257.3231105614027,0.04949682481925205,0.7065420273936173,Industrial
Mumbai_Worli,19.0176,72.8562,2026-03-30 13:36:30.767908+05:30,69.27423404218142,84.85568861278433,78.22761674324221,27.18858599469187,2099.9455709266927,38.92165968240228,32.80821637631957,59.70859882491788,7.080134343135903,478,13,0,0,13,0,232.35753939820796,0.03723448042908474,0.806868306124868,Industrial
Mumbai_Worli,19.0176,72.8562,2026-03-30 13:41:30.767879+05:30,68.3266343525688,75.48023054816004,105.44840233227897,30.887275673951144,2100.414237984306,118.42657501590443,32.499791670821274,63.237819537175234,7.356661566486967,478,13,0,0,13,0,249.25526723300783,0.05017973154756292,0.8933894924590104,Industrial
Mumbai_Worli,19.0176,72.8562,2026-03-30 08:51:30.769567+05:30,67.28689833357545,80.88385184697859,113.67815270706538,30.878145386174488,2100.407609037057,87.75067300791213,32.262329032329916,64.8043012641091,6.751953528324586,478,13,0,0,8,0,261.8489028876194,0.054096193531514306,0.8217358711864048,Industrial
Mumbai_Worli,19.0176,72.8562,2026-03-30 05:56:30.770581+05:30,67.7690233926382,85.63974188345945,61.6474135059537,18.80543964290606,2099.8836227355123,23.249048576366253,31.842122138106312,63.236524702003585,6.9891912405274175,478,13,0,0,5,0,215.05617878205135,0.029343564221650707,0.7821932743497255,Industrial
Mumbai_Worli,19.0176,72.8562,2026-03-30 11:36:30.768610+05:30,69.37410703820524,82.08627625766485,89.81137073021439,26.00747995911997,2100.149437073416,51.483619551963805,32.38402138806664,57.9661444019555,7.40676495228592,478,13,0,0,11,0,241.27175402608447,0.042743923466627906,0.8349646916786135,Industrial
Mumbai_Worli,19.0176,72.8562,2026-03-30 04:01:30.771258+05:30,65.8264633578134,83.12457768379564,93.50982016292085,23.57220093365087,2099.6873361044604,81.50833748920527,30.3147773218777,62.81402096218596,6.976526042413892,478,13,0,0,4,0,242.46086120452986,0.04451391625767905,0.7824878908187746,Industrial
Mumbai_Worli,19.0176,72.8562,2026-03-30 09:56:30.769190+05:30,68.9534425003124,89.41233543305557,103.89144907379821,23.96775632434441,2100.110818814706,59.0892897942466,30.39538743922664,63.96852594718517,7.416394676542171,478,13,0,0,9,0,262.2572270071662,0.049445963603388716,0.7626552524059941,Industrial
Mumbai_Worli,19.0176,72.8562,2026-03-30 08:31:30.769683+05:30,64.39556126207587,74.67039624964325,70.52615027595144,18.465154652898264,2100.006503439866,38.45162710897532,30.402035966246423,65.48965918032452,7.577472608148611,478,13,0,0,8,0,209.59210778767056,0.03356779246541252,0.8510007143299381,Industrial
Mumbai_Worli,19.0176,72.8562,2026-03-30 04:16:30.771171+05:30,63.64308687019229,81.19979732111597,76.42169203465589,32.481280885849934,2099.6783179926697,85.19695260231167,29.710406403612705,63.43114060759585,5.791271966467243,478,13,0,0,4,0,221.26457622596416,0.036379531021047344,0.7742487079568904,Industrial
Mumbai_Worli,19.0176,72.8562,2026-03-30 12:36:30.768258+05:30,65.76556721695847,73.22202031375663,116.05338594069383,24.976495817594746,2100.163229174872,64.11897940879635,32.296160726219185,60.18307510679083,7.331055444606992,478,13,0,0,12,0,255.04097347140893,0.05523292256845179,0.8860654417509731,Industrial
Mumbai_Worli,19.0176,72.8562,2026-03-30 09:21:30.769393+05:30,68.74525100341815,86.3546658998241,41.41712872544436,18.533054249261376,2100.228651508293,70.45751271857205,30.325079589985585,59.05073744246179,6.066282837863396,478,13,0,0,9,0,196.51704562868662,0.0197109099458141,0.7869671332983322,Industrial
Mumbai_Worli,19.0176,72.8562,2026-03-30 06:36:30.770349+05:30,69.32669771687306,86.0295976875055,57.45289088173217,27.931688770138805,2100.4793651914633,59.77892373194809,31.871085833784598,61.7301829570403,7.3858229067024705,478,13,0,0,6,0,212.80918628611073,0.02733926006287371,0.7965875927153231,Industrial
Mumbai_Worli,19.0176,72.8562,2026-03-30 04:11:30.771200+05:30,67.7649244591258,73.55750000461163,82.22696692599038,33.589781398338815,2099.6532610181503,119.95081875381558,31.007875712640512,65.30886345780505,5.804304939859221,478,13,0,0,4,0,223.54939138972782,0.039143521899533476,0.9088948054177556,Industrial
Mumbai_Worli,19.0176,72.8562,2026-03-30 06:26:30.770407+05:30,65.11701169122415,86.72747117385673,24.85426636053856,32.93984166974255,2100.041381078744,78.87070553313998,32.42598653243412,62.679955462078155,6.925370767210692,478,13,0,0,6,0,176.69874922561942,0.011829498735421174,0.7422647754450419,Industrial
Mumbai_Worli,19.0176,72.8562,2026-03-30 09:31:30.769335+05:30,63.40885254039556,84.84782462860765,83.24401109768431,24.30406248913394,2100.275058043006,88.05968982413926,31.401271772518538,61.47870925480878,5.8600070270826645,478,13,0,0,9,0,231.50068826668752,0.03961595164757368,0.7386192115491927,Industrial
Mumbai_Worli,19.0176,72.8562,2026-03-30 11:21:30.768698+05:30,67.16587530911396,78.94233117508124,33.929937950425355,30.83518353583065,2100.0779674412724,42.98032779398554,32.04651804585508,61.89038357369187,6.985562951014583,478,13,0,0,11,0,180.03814443462056,0.0161488238305339,0.8401790931266986,Industrial
