source,city,latitude,longitude,temperature_C,humidity_%,wind_speed_mps,wind_direction_deg,timestamp,source.1,city.1,latitude.1,longitude.1,PM2_5,PM10,NO2,CO,SO2,O3,timestamp.1,element,id,geometry,man_made,name,landuse,barrier,depot,industrial,operator,operator:wikidata,hour,day_of_week,month,season,dist_to_road,dist_to_industry,dist_to_farmland
OpenWeatherMap,Tenali,16.243,80.64,27.72,42.0,6.03,122.0,2026-02-19 12:18:04.964530,OpenWeather Air Pollution API,Tenali,16.243,80.64,75.53,92.18,0.7,255.19,3.13,137.46,2026-02-19T12:18:04.964530,node,9768715221.0,POINT (80.6302628 16.239092),works,kumar pumps,,,,,,,12.0,3.0,2.0,Winter,,,
Unknown,Tenali,,,28.94,43.0,5.08,,,,,,,65.21,78.19,1.84,244.62,5.23,128.18,,way,1322592846.0,"POLYGON ((80.6838145 16.2699015, 80.6869346 16.2682761, 80.6871661 16.2667896, 80.682914 16.2660374, 80.6828345 16.2659937, 80.6827551 16.2657893, 80.6821777 16.2656436, 80.6818066 16.2655127, 80.6784777 16.2641116, 80.6774648 16.2638144, 80.6772647 16.2639649, 80.6773282 16.2647431, 80.6778102 16.2674565, 80.6786599 16.2678225, 80.6793736 16.2706885, 80.6796825 16.2706366, 80.6800949 16.271913, 80.6826261 16.2706115, 80.6838145 16.2699015))",,,farmland,,,,,,,,,Autumn,,,
Unknown,Tenali,,,28.94,43.0,5.08,,,,,,,65.21,78.19,1.84,244.62,5.23,128.18,,way,1322592847.0,"POLYGON ((80.6856628 16.2718189, 80.6876626 16.2716773, 80.6886568 16.2696775, 80.6895791 16.2675396, 80.6879956 16.2680656, 80.6870125 16.268403, 80.6869074 16.2697847, 80.6856628 16.2718189))",,,farmland,,,,,,,,,Autumn,,,
Unknown,Tenali,,,28.94,43.0,5.08,,,,,,,65.21,78.19,1.84,244.62,5.23,128.18,,way,1322596618.0,"POLYGON ((80.6836947 16.2727543, 80.6839433 16.2727344, 80.6840262 16.2718992, 80.6854999 16.2718005, 80.6866133 16.2696247, 80.6867625 16.2686513, 80.6837205 16.2702355, 80.6836947 16.2727543))",,,farmland,,,,,,,,,Autumn,,,
Unknown,Tenali,,,28.94,43.0,5.08,,,,,,,65.21,78.19,1.84,244.62,5.23,128.18,,way,1322596621.0,"POLYGON ((80.6841494 16.2720825, 80.6842099 16.2730029, 80.6843592 16.2741058, 80.6886465 16.2736121, 80.6884114 16.2717798, 80.6841494 16.2720825))",,,farmland,,,,,,,,,Autumn,,,
Unknown,Tenali,,,28.94,43.0,5.08,,,,,,,65.21,78.19,1.84,244.62,5.23,128.18,,way,1322596622.0,"POLYGON ((80.6887704 16.2735818, 80.693528 16.2729285, 80.6931427 16.2714154, 80.6885161 16.271821, 80.6887704 16.2735818))",,,farmland,,,,,,,,,Autumn,,,
Unknown,Tenali,,,28.94,43.0,5.08,,,,,,,65.21,78.19,1.84,244.62,5.23,128.18,,way,1322596625.0,"POLYGON ((80.6934162 16.2715037, 80.6944633 16.2713671, 80.6944532 16.2726358, 80.6937212 16.2726748, 80.6934162 16.2715037))",,,farmland,,,,,,,,,Autumn,,,
Unknown,Tenali,,,28.94,43.0,5.08,,,,,,,65.21,78.19,1.84,244.62,5.23,128.18,,way,1322596630.0,"POLYGON ((80.6889228 16.2695226, 80.6912332 16.2694035, 80.6912117 16.2686009, 80.6892743 16.2686146, 80.6889228 16.2695226))",,,farmland,,,,,,,,,Autumn,,,
Unknown,Tenali,,,28.94,43.0,5.08,,,,,,,65.21,78.19,1.84,244.62,5.23,128.18,,way,1322596635.0,"POLYGON ((80.687094 16.2682139, 80.6896588 16.2673913, 80.6897075 16.2672178, 80.6872983 16.2668429, 80.687094 16.2682139))",,,farmland,,,,,,,,,Autumn,,,
Unknown,Tenali,,,28.94,43.0,5.08,,,,,,,65.21,78.19,1.84,244.62,5.23,128.18,,way,1323376458.0,"POLYGON ((80.6691969 16.2182864, 80.6691208 16.2177584, 80.6693456 16.2177252, 80.6693802 16.2178481, 80.6696499 16.2178049, 80.6697087 16.2182233, 80.6691969 16.2182864))",,,farmland,,,,,,,,,Autumn,,,
Unknown,Tenali,,,28.94,43.0,5.08,,,,,,,65.21,78.19,1.84,244.62,5.23,128.18,,way,1323376459.0,"POLYGON ((80.6667048 16.2201213, 80.6653335 16.2148747, 80.6717816 16.2148646, 80.6712687 16.2188449, 80.6667048 16.2201213))",,,farmland,,,,,,,,,Autumn,,,
Unknown,Tenali,,,28.94,43.0,5.08,,,,,,,65.21,78.19,1.84,244.62,5.23,128.18,,way,1323376460.0,"POLYGON ((80.6618261 16.2221083, 80.661718 16.2175221, 80.6629676 16.2172354, 80.6627878 16.2164325, 80.6653273 16.2156647, 80.6664944 16.2204896, 80.6618261 16.2221083))",,,farmland,,,,,,,,,Autumn,,,
Unknown,Tenali,,,28.94,43.0,5.08,,,,,,,65.21,78.19,1.84,244.62,5.23,128.18,,way,1323376461.0,"POLYGON ((80.6617504 16.2163703, 80.6652516 16.2156128, 80.6650355 16.2147827, 80.6618044 16.2147931, 80.6617504 16.2163703))",,,farmland,,,,,,,,,Autumn,,,
Unknown,Tenali,,,28.94,43.0,5.08,,,,,,,65.21,78.19,1.84,244.62,5.23,128.18,,way,1324438680.0,"POLYGON ((80.6286004 16.3094652, 80.634369 16.3095968, 80.6346479 16.3071463, 80.6352499 16.3018381, 80.6338063 16.2991445, 80.6327657 16.2993465, 80.6278975 16.296534, 80.627684 16.2982717, 80.627497 16.3001393, 80.6275368 16.3021228, 80.6277915 16.305494, 80.628257 16.3080499, 80.6286004 16.3094652))",,,farmland,,,,,,,,,Autumn,,,
Unknown,Tenali,,,28.94,43.0,5.08,,,,,,,65.21,78.19,1.84,244.62,5.23,128.18,,way,1324438682.0,"POLYGON ((80.633587 16.2990462, 80.6338966 16.2990588, 80.6351188 16.301414, 80.6352947 16.3016398, 80.635984 16.2952092, 80.6329709 16.2962473, 80.633587 16.2990462))",,,farmland,,,,,,,,,Autumn,,,
Unknown,Tenali,,,28.94,43.0,5.08,,,,,,,65.21,78.19,1.84,244.62,5.23,128.18,,way,1327392295.0,"POLYGON ((80.6551078 16.2565864, 80.6547423 16.2550902, 80.6546423 16.2551068, 80.6544285 16.2548287, 80.654432 16.2546731, 80.6549009 16.2545573, 80.6562632 16.254809, 80.6555629 16.2561064, 80.6551078 16.2565864))",,,farmland,,,,,,,,,Autumn,,,
Unknown,Tenali,,,28.94,43.0,5.08,,,,,,,65.21,78.19,1.84,244.62,5.23,128.18,,way,1327522881.0,"POLYGON ((80.642193 16.2245066, 80.6427901 16.2244784, 80.6427563 16.2239324, 80.6425309 16.223344, 80.6420675 16.2234717, 80.642193 16.2245066))",,,farmland,,,,,,,,,Autumn,,,
Unknown,Tenali,,,28.94,43.0,5.08,,,,,,,65.21,78.19,1.84,244.62,5.23,128.18,,way,1328044627.0,"POLYGON ((80.6305743 16.318226, 80.6306586 16.3183132, 80.6324309 16.3183763, 80.6324522 16.3180426, 80.6327155 16.3174702, 80.632862 16.3172699, 80.6332222 16.3169066, 80.6335561 16.3166005, 80.6336381 16.3162357, 80.6341074 16.3120802, 80.634369 16.3095968, 80.6286004 16.3094652, 80.6289943 16.3113092, 80.6305743 16.318226))",,,farmland,,,,,,,,,Autumn,,,
Unknown,Tenali,,,28.94,43.0,5.08,,,,,,,65.21,78.19,1.84,244.62,5.23,128.18,,way,1330679713.0,"POLYGON ((80.6042221 16.2864298, 80.6052462 16.2860159, 80.6047534 16.2849516, 80.6039141 16.285129, 80.6042221 16.2864298))",,,farmland,,,,,,,,,Autumn,,,
Unknown,Tenali,,,28.94,43.0,5.08,,,,,,,65.21,78.19,1.84,244.62,5.23,128.18,,way,1330679714.0,"POLYGON ((80.6046071 16.2872059, 80.6043145 16.2865851, 80.6051307 16.2861342, 80.6054618 16.2868216, 80.6046071 16.2872059))",,,farmland,,,,,,,,,Autumn,,,
Unknown,Tenali,,,28.94,43.0,5.08,,,,,,,65.21,78.19,1.84,244.62,5.23,128.18,,way,1330679715.0,"POLYGON ((80.6036677 16.2878637, 80.6045763 16.2873168, 80.6040681 16.2862007, 80.6035445 16.2864594, 80.6036677 16.2878637))",,,farmland,,,,,,,,,Autumn,,,
Unknown,Tenali,,,28.94,43.0,5.08,,,,,,,65.21,78.19,1.84,244.62,5.23,128.18,,way,1330679716.0,"POLYGON ((80.603506 16.2863485, 80.6040527 16.2860972, 80.6038217 16.2852177, 80.6034059 16.2853951, 80.603506 16.2863485))",,,farmland,,,,,,,,,Autumn,,,
Unknown,Tenali,,,28.94,43.0,5.08,,,,,,,65.21,78.19,1.84,244.62,5.23,128.18,,way,1330679722.0,"POLYGON ((80.6053848 16.2859938, 80.6063858 16.285639, 80.6061471 16.2851068, 80.6058853 16.285129, 80.605816 16.284959, 80.6051923 16.2850181, 80.6053001 16.2853286, 80.6051133 16.2853621, 80.6053848 16.2859938))",,,farmland,,,,,,,,,Autumn,,,
Unknown,Tenali,,,28.94,43.0,5.08,,,,,,,65.21,78.19,1.84,244.62,5.23,128.18,,way,1331558357.0,"POLYGON ((80.6334512 16.2835026, 80.6338646 16.283445, 80.6338109 16.2830816, 80.6333834 16.2831517, 80.6334512 16.2835026))",,,farmland,,,,,,,,,Autumn,,,
Unknown,Tenali,,,28.94,43.0,5.08,,,,,,,65.21,78.19,1.84,244.62,5.23,128.18,,way,1331558359.0,"POLYGON ((80.6328153 16.2851524, 80.6331282 16.2851375, 80.6330887 16.2848035, 80.6327695 16.2848385, 80.6328153 16.2851524))",,,farmland,,,,,,,,,Autumn,,,
Unknown,Tenali,,,28.94,43.0,5.08,,,,,,,65.21,78.19,1.84,244.62,5.23,128.18,,way,1334592682.0,"POLYGON ((80.6161046 16.2427401, 80.6169461 16.2425235, 80.6167348 16.2421659, 80.6159757 16.2423688, 80.6161046 16.2427401))",,,farmland,,,,,,,,,Autumn,,,
Unknown,Tenali,,,28.94,43.0,5.08,,,,,,,65.21,78.19,1.84,244.62,5.23,128.18,,way,1334592683.0,"POLYGON ((80.6165809 16.2432626, 80.6171717 16.2431388, 80.6170177 16.2427194, 80.616434 16.2428673, 80.6165809 16.2432626))",,,farmland,,,,,,,,,Autumn,,,
Unknown,Tenali,,,28.94,43.0,5.08,,,,,,,65.21,78.19,1.84,244.62,5.23,128.18,,way,1334592684.0,"POLYGON ((80.6152989 16.2435617, 80.6165809 16.2432626, 80.616434 16.2428673, 80.6151951 16.2431801, 80.6152989 16.2435617))",,,farmland,,,,,,,,,Autumn,,,
Unknown,Tenali,,,28.94,43.0,5.08,,,,,,,65.21,78.19,1.84,244.62,5.23,128.18,,way,1334592685.0,"POLYGON ((80.6151414 16.2429154, 80.6154529 16.2428535, 80.6152954 16.2423963, 80.6150304 16.2424547, 80.6151414 16.2429154))",,,farmland,,,,,,,,,Autumn,,,
Unknown,Tenali,,,28.94,43.0,5.08,,,,,,,65.21,78.19,1.84,244.62,5.23,128.18,,way,1334592686.0,"POLYGON ((80.6152524 16.2435376, 80.6149194 16.2435789, 80.6147403 16.2435308, 80.6147976 16.2428501, 80.6150805 16.2428019, 80.6152524 16.2435376))",,,farmland,,,,,,,,,Autumn,,,
Unknown,Tenali,,,28.94,43.0,5.08,,,,,,,65.21,78.19,1.84,244.62,5.23,128.18,,way,1334592687.0,"POLYGON ((80.6142784 16.2435067, 80.6149194 16.2436098, 80.615213 16.2435892, 80.615367 16.244098, 80.614923 16.2441977, 80.6149552 16.2443833, 80.6144073 16.2444624, 80.6142784 16.2435067))",,,farmland,,,,,,,,,Autumn,,,
Unknown,Tenali,,,28.94,43.0,5.08,,,,,,,65.21,78.19,1.84,244.62,5.23,128.18,,way,1334592688.0,"POLYGON ((80.6138845 16.2444796, 80.6143429 16.2444315, 80.6142283 16.243713, 80.6139633 16.2437267, 80.614017 16.2441255, 80.6138344 16.2441599, 80.6138845 16.2444796))",,,farmland,,,,,,,,,Autumn,,,
Unknown,Tenali,,,28.94,43.0,5.08,,,,,,,65.21,78.19,1.84,244.62,5.23,128.18,,way,1334592689.0,"POLYGON ((80.6141603 16.2448406, 80.6145112 16.2447752, 80.6144288 16.2444865, 80.6141065 16.2445621, 80.6141603 16.2448406))",,,farmland,,,,,,,,,Autumn,,,
Unknown,Tenali,,,28.94,43.0,5.08,,,,,,,65.21,78.19,1.84,244.62,5.23,128.18,,way,1334592690.0,"POLYGON ((80.6136554 16.2452118, 80.6142175 16.2451465, 80.6141495 16.2448887, 80.6136554 16.2449506, 80.6136554 16.2452118))",,,farmland,,,,,,,,,Autumn,,,
Unknown,Tenali,,,28.94,43.0,5.08,,,,,,,65.21,78.19,1.84,244.62,5.23,128.18,,way,1334592691.0,"POLYGON ((80.614615 16.2451087, 80.6151664 16.2449987, 80.6150483 16.2447237, 80.6145506 16.2448131, 80.614615 16.2451087))",,,farmland,,,,,,,,,Autumn,,,
Unknown,Tenali,,,28.94,43.0,5.08,,,,,,,65.21,78.19,1.84,244.62,5.23,128.18,,way,1334592702.0,"POLYGON ((80.6179415 16.2451603, 80.6183462 16.2450125, 80.618629 16.2457791, 80.6183856 16.2457035, 80.6181385 16.2457103, 80.6179415 16.2451603))",,,farmland,,,,,,,,,Autumn,,,
Unknown,Tenali,,,28.94,43.0,5.08,,,,,,,65.21,78.19,1.84,244.62,5.23,128.18,,way,1335952264.0,"POLYGON ((80.6530415 16.276807, 80.6535652 16.2764721, 80.6534684 16.2761826, 80.6529493 16.2763109, 80.6530415 16.276807))",,,industrial,,,,,,,,,Autumn,,,
Unknown,Tenali,,,28.94,43.0,5.08,,,,,,,65.21,78.19,1.84,244.62,5.23,128.18,,way,1338589136.0,"POLYGON ((80.6520873 16.275514, 80.6517249 16.2755619, 80.6516852 16.2752683, 80.6512503 16.2752814, 80.6512699 16.2746054, 80.6509402 16.2746316, 80.6509465 16.2743164, 80.6496469 16.2743421, 80.6499186 16.2733496, 80.6504779 16.2718201, 80.6506272 16.2699973, 80.6506664 16.2684135, 80.6521468 16.2683401, 80.6535777 16.2683299, 80.6537879 16.2682723, 80.6549722 16.2664374, 80.6562088 16.2646223, 80.6577118 16.266072, 80.6583424 16.2657389, 80.6589414 16.2656683, 80.6600067 16.265308, 80.6608273 16.2673428, 80.6617567 16.2698255, 80.6629001 16.272954, 80.6637844 16.2755934, 80.6616133 16.2762052, 80.662077 16.2775186, 80.6585095 16.2782294, 80.6571545 16.278426, 80.6564316 16.2784564, 80.6551228 16.2784263, 80.653346 16.2784256, 80.6529423 16.2777281, 80.6528952 16.2769735, 80.6535907 16.2764917, 80.6534881 16.2761533, 80.6521941 16.2764041, 80.6520873 16.275514))",,,farmland,,,,,,,,,Autumn,,,
Unknown,Tenali,,,28.94,43.0,5.08,,,,,,,65.21,78.19,1.84,244.62,5.23,128.18,,way,1338589137.0,"POLYGON ((80.6609323 16.2670628, 80.6618579 16.2696164, 80.6632035 16.2731966, 80.6643991 16.2769202, 80.668362 16.2757137, 80.6687841 16.2755232, 80.6695591 16.2749879, 80.6689385 16.2733127, 80.6678611 16.2707635, 80.6669035 16.2680419, 80.6655584 16.2670893, 80.6643298 16.2661034, 80.6630036 16.2666054, 80.6622318 16.2668111, 80.6609323 16.2670628))",,,farmland,,,,,,,,,Autumn,,,
Unknown,Tenali,,,28.94,43.0,5.08,,,,,,,65.21,78.19,1.84,244.62,5.23,128.18,,way,1338589138.0,"POLYGON ((80.6630036 16.2666054, 80.6622728 16.2651448, 80.6620018 16.2652355, 80.662068 16.2653958, 80.6616774 16.2655258, 80.6619105 16.2661095, 80.660641 16.2664391, 80.6601219 16.2652243, 80.6602435 16.2645402, 80.6623515 16.2639805, 80.663095 16.2648999, 80.6639707 16.2658645, 80.6643298 16.2661034, 80.6630036 16.2666054))",,,farmland,,,,,,,,,Autumn,,,
Unknown,Tenali,,,28.94,43.0,5.08,,,,,,,65.21,78.19,1.84,244.62,5.23,128.18,,way,1341329171.0,"POLYGON ((80.5763283 16.2368793, 80.5760177 16.2363579, 80.5765353 16.2360261, 80.5761101 16.2354863, 80.575653 16.2354588, 80.5751991 16.2353548, 80.5744888 16.2350841, 80.5742993 16.2349572, 80.5737068 16.234078, 80.5723061 16.2349905, 80.5734697 16.2365292, 80.572782 16.2369185, 80.5734588 16.2378513, 80.5740119 16.2389954, 80.5743194 16.2398985, 80.5760295 16.2391945, 80.576282 16.2397783, 80.5763601 16.2399518, 80.577235 16.23972, 80.5768932 16.2388227, 80.5774602 16.2386099, 80.5778736 16.239582, 80.5788002 16.2394193, 80.5787655 16.2391961, 80.5785299 16.2392259, 80.5783707 16.2384166, 80.578676 16.2383485, 80.5784479 16.2364973, 80.5772108 16.2369933, 80.5769774 16.2365552, 80.5763283 16.2368793))",,,farmland,,,,,,,,,Autumn,,,
Unknown,Tenali,,,28.94,43.0,5.08,,,,,,,65.21,78.19,1.84,244.62,5.23,128.18,,way,1341490639.0,"POLYGON ((80.6511817 16.2087008, 80.6496007 16.2091846, 80.6487296 16.2091799, 80.6485683 16.2073329, 80.6503776 16.2072685, 80.6510352 16.2073591, 80.651065 16.2080026, 80.6511817 16.2087008))",,,farmland,,,,,,,,,Autumn,,,
Unknown,Tenali,,,28.94,43.0,5.08,,,,,,,65.21,78.19,1.84,244.62,5.23,128.18,,way,1341491643.0,"POLYGON ((80.65274 16.2083191, 80.6529868 16.2080658, 80.6532115 16.2076735, 80.6534311 16.2070687, 80.6535298 16.2081312, 80.653426 16.2081884, 80.65274 16.2083191))",,,farmland,,,,,,,,,Autumn,,,
Unknown,Tenali,,,28.94,43.0,5.08,,,,,,,65.21,78.19,1.84,244.62,5.23,128.18,,way,1341491644.0,"POLYGON ((80.6521966 16.2089409, 80.6524659 16.210985, 80.6527446 16.2109424, 80.6527288 16.2115446, 80.6531121 16.2115538, 80.6531216 16.2117636, 80.6529505 16.2117728, 80.6529188 16.2122929, 80.6518577 16.2123841, 80.6518988 16.2128434, 80.6529727 16.2128252, 80.651978 16.2151673, 80.6516264 16.2151673, 80.6515156 16.2155962, 80.6517563 16.2156387, 80.6517056 16.2157695, 80.65092 16.2158821, 80.650901 16.2154045, 80.6501627 16.2154907, 80.6502052 16.2159992, 80.649878 16.2160192, 80.6497418 16.2147116, 80.6497155 16.2136013, 80.6497945 16.2119758, 80.6498308 16.211027, 80.6499337 16.2106004, 80.6500441 16.210251, 80.650295 16.2098631, 80.6507618 16.2094269, 80.6512587 16.2091835, 80.6517932 16.2089714, 80.6521966 16.2089409))",,,farmland,,,,,,,,,Autumn,,,
Unknown,Tenali,,,28.94,43.0,5.08,,,,,,,65.21,78.19,1.84,244.62,5.23,128.18,,way,1341491645.0,"POLYGON ((80.6528247 16.2096341, 80.6526942 16.2089305, 80.6521966 16.2089409, 80.6517932 16.2089714, 80.6524758 16.2086172, 80.6526917 16.2084557, 80.6529928 16.2084654, 80.6530681 16.2085449, 80.6531158 16.2086919, 80.653171 16.2096317, 80.6528247 16.2096341))",,,farmland,,,,,,,,,Autumn,,,
Unknown,Tenali,,,28.94,43.0,5.08,,,,,,,65.21,78.19,1.84,244.62,5.23,128.18,,way,1341491646.0,"POLYGON ((80.6512763 16.2085064, 80.6511859 16.2078027, 80.6513942 16.2075617, 80.6513716 16.20734, 80.6511533 16.2073111, 80.6503666 16.2072065, 80.6484292 16.2072457, 80.6483483 16.2052465, 80.6483459 16.2048344, 80.6483952 16.2044124, 80.6480538 16.2043829, 80.6478295 16.205235, 80.6468833 16.2050525, 80.6468794 16.2044894, 80.6469074 16.2038683, 80.6471033 16.2030112, 80.6480353 16.2007966, 80.6481087 16.2005354, 80.6481761 16.1993878, 80.6482513 16.1981734, 80.6487344 16.1982624, 80.6496126 16.1983231, 80.6506225 16.1983955, 80.650581 16.1988376, 80.6512145 16.1988741, 80.6511002 16.1998016, 80.6518064 16.1998282, 80.6518306 16.199273, 80.6520418 16.199283, 80.6520764 16.1988974, 80.6527999 16.1989207, 80.6530629 16.2028132, 80.6533191 16.2066824, 80.6532256 16.2070846, 80.6530456 16.2076197, 80.652786 16.2080452, 80.6525714 16.2083178, 80.6519102 16.2084607, 80.6515156 16.2085272, 80.6512763 16.2085064))",,,farmland,,,,,,,,,Autumn,,,
Unknown,Tenali,,,28.94,43.0,5.08,,,,,,,65.21,78.19,1.84,244.62,5.23,128.18,,way,1341491647.0,"POLYGON ((80.6483483 16.2052465, 80.6478295 16.205235, 80.6468833 16.2050525, 80.6468089 16.2059752, 80.6464133 16.2069421, 80.6480765 16.2072644, 80.6484292 16.2072457, 80.6483483 16.2052465))",,,farmland,,,,,,,,,Autumn,,,
Unknown,Tenali,,,28.94,43.0,5.08,,,,,,,65.21,78.19,1.84,244.62,5.23,128.18,,way,1341491648.0,"POLYGON ((80.6516875 16.2088815, 80.6508964 16.2092412, 80.650273 16.2097275, 80.6499854 16.2101506, 80.6497516 16.2107721, 80.6496018 16.2122915, 80.6496165 16.2141769, 80.6496631 16.21506, 80.649749 16.2160256, 80.6488507 16.2161699, 80.648296 16.2161905, 80.6471294 16.2161115, 80.6440338 16.2160909, 80.642996 16.2161012, 80.6429781 16.215005, 80.6431141 16.2142799, 80.643336 16.2135892, 80.6438155 16.2124003, 80.6452756 16.2123487, 80.6453186 16.2116168, 80.6451146 16.2116065, 80.6452255 16.2110704, 80.6448426 16.2110635, 80.6448426 16.2109982, 80.6444132 16.2110085, 80.6450466 16.2096134, 80.6453579 16.2095859, 80.6455798 16.2090635, 80.6462689 16.2091955, 80.6461851 16.2094085, 80.6459435 16.2094085, 80.6458794 16.2097257, 80.6469886 16.2098677, 80.6476447 16.2098024, 80.6476161 16.2092525, 80.6495521 16.20928, 80.6502321 16.2090979, 80.6516206 16.2086718, 80.6516875 16.2088815))",,,farmland,,,,,,,,,Autumn,,,
Unknown,Tenali,,,28.94,43.0,5.08,,,,,,,65.21,78.19,1.84,244.62,5.23,128.18,,way,1341751038.0,"POLYGON ((80.6073562 16.2564441, 80.6076713 16.2573637, 80.6087252 16.2576526, 80.6100961 16.257339, 80.6096368 16.2558239, 80.6073562 16.2564441))",,,farmland,,,,,,,,,Autumn,,,
Unknown,Tenali,,,28.94,43.0,5.08,,,,,,,65.21,78.19,1.84,244.62,5.23,128.18,,way,1341751039.0,"POLYGON ((80.6079829 16.256214, 80.6073426 16.2564045, 80.6061759 16.2567304, 80.6022393 16.2557793, 80.6020513 16.2544451, 80.6018889 16.2536221, 80.6015855 16.2528988, 80.6016154 16.2528058, 80.6022607 16.2527211, 80.6021828 16.2522417, 80.6035834 16.2519592, 80.6035139 16.2515313, 80.6039681 16.2514376, 80.6039943 16.2515869, 80.6046041 16.2514177, 80.6045544 16.2510361, 80.6051597 16.2508626, 80.6053043 16.2514132, 80.6058553 16.2512226, 80.6061896 16.252246, 80.6065826 16.2521376, 80.6064787 16.2541758, 80.6071292 16.2539547, 80.60773 16.2547613, 80.6074815 16.254848, 80.6079829 16.256214))",,,farmland,,,,,,,,,Autumn,,,
Unknown,Tenali,,,28.94,43.0,5.08,,,,,,,65.21,78.19,1.84,244.62,5.23,128.18,,way,1341751042.0,"POLYGON ((80.6035139 16.2515313, 80.6039681 16.2514376, 80.6039175 16.2511488, 80.6038038 16.2505526, 80.6037371 16.2505611, 80.6034684 16.249514, 80.6025532 16.2499107, 80.6027732 16.2509698, 80.6033495 16.2508098, 80.6035139 16.2515313))",,,farmland,,,,,,,,,Autumn,,,
Unknown,Tenali,,,28.94,43.0,5.08,,,,,,,65.21,78.19,1.84,244.62,5.23,128.18,,way,1341758149.0,"POLYGON ((80.6104099 16.2456352, 80.6133776 16.2456387, 80.6136706 16.2491012, 80.6128792 16.2492697, 80.6124388 16.2477214, 80.6122037 16.2477882, 80.6120613 16.2472764, 80.6117401 16.2473717, 80.6115116 16.2465833, 80.6107785 16.2467916, 80.6104099 16.2456352))",,,farmland,,,,,,,,,Autumn,,,
Unknown,Tenali,,,28.94,43.0,5.08,,,,,,,65.21,78.19,1.84,244.62,5.23,128.18,,way,1341758151.0,"POLYGON ((80.6148097 16.2487969, 80.6146904 16.2484242, 80.6149137 16.2483389, 80.6146802 16.2474741, 80.6150533 16.2473571, 80.6149137 16.2469552, 80.6151243 16.2468748, 80.6148985 16.2462755, 80.6149822 16.2462438, 80.6147234 16.245586, 80.6154364 16.2456274, 80.6170198 16.2457566, 80.6181338 16.2459563, 80.6181617 16.2460611, 80.6172152 16.2463997, 80.6178864 16.2481131, 80.6163677 16.2484193, 80.6148097 16.2487969))",,,farmland,,,,,,,,,Autumn,,,
Unknown,Tenali,,,28.94,43.0,5.08,,,,,,,65.21,78.19,1.84,244.62,5.23,128.18,,way,1341758152.0,"POLYGON ((80.6140975 16.2498961, 80.6146934 16.2497531, 80.6145884 16.2493045, 80.614927 16.2492623, 80.6148288 16.2488592, 80.6164437 16.2484692, 80.617886 16.2481831, 80.61793 16.2484334, 80.6180451 16.2499709, 80.6180417 16.2505852, 80.6176659 16.2507249, 80.6179571 16.2515278, 80.6176422 16.251609, 80.6177675 16.2519471, 80.6175305 16.2520836, 80.6175373 16.2522103, 80.6179943 16.2542743, 80.6177709 16.2543426, 80.6178285 16.2545831, 80.6180519 16.2545408, 80.6183417 16.2558624, 80.6182926 16.2559661, 80.616653 16.2572456, 80.6162112 16.2560886, 80.6163278 16.2560497, 80.6161597 16.2555914, 80.6157768 16.2556951, 80.6159044 16.2561169, 80.615276 16.25623, 80.6136806 16.2562771, 80.6136242 16.2560933, 80.6138623 16.2557092, 80.6141445 16.2551013, 80.6143041 16.2545782, 80.6143753 16.2541682, 80.6144243 16.253671, 80.614417 16.253129, 80.6142059 16.2511072, 80.6140975 16.2498961))",,,farmland,,,,,,,,,Autumn,,,
Unknown,Tenali,,,28.94,43.0,5.08,,,,,,,65.21,78.19,1.84,244.62,5.23,128.18,,way,1341758157.0,"POLYGON ((80.6136607 16.253288, 80.6140911 16.2531449, 80.6140292 16.2525225, 80.6137567 16.2496829, 80.6126441 16.2499913, 80.61276 16.2503251, 80.6117666 16.250608, 80.6120812 16.2515554, 80.6119388 16.2516094, 80.6125679 16.2530686, 80.6134951 16.2527539, 80.6136607 16.253288))",,,farmland,,,,,,,,,Autumn,,,
Unknown,Tenali,,,28.94,43.0,5.08,,,,,,,65.21,78.19,1.84,244.62,5.23,128.18,,way,1341773134.0,"POLYGON ((80.6064923 16.2613396, 80.606543 16.2615141, 80.6071361 16.2618174, 80.6081553 16.2624611, 80.6086709 16.2628187, 80.6089868 16.2631506, 80.6093951 16.2638458, 80.6094934 16.2640432, 80.609562 16.2640747, 80.6111683 16.2638773, 80.6109746 16.2630876, 80.6108465 16.2623896, 80.6106885 16.2607988, 80.6104322 16.2583841, 80.6087037 16.2592796, 80.6078275 16.259643, 80.6074013 16.2598261, 80.6070288 16.2601723, 80.6067963 16.2605957, 80.6064923 16.2613396))",,,farmland,,,,,,,,,Autumn,,,
Unknown,Tenali,,,28.94,43.0,5.08,,,,,,,65.21,78.19,1.84,244.62,5.23,128.18,,way,1341773146.0,"POLYGON ((80.6101481 16.2641157, 80.6103 16.2647139, 80.6104317 16.2650677, 80.6104384 16.2640792, 80.6101481 16.2641157))",,,farmland,,,,,,,,,Autumn,,,
Unknown,Tenali,,,28.94,43.0,5.08,,,,,,,65.21,78.19,1.84,244.62,5.23,128.18,,way,1341773147.0,"POLYGON ((80.6100677 16.2641178, 80.6096745 16.2641736, 80.6096946 16.2643537, 80.6094713 16.2643816, 80.6095584 16.2647397, 80.6095807 16.2655009, 80.6095316 16.2658783, 80.6094378 16.2664744, 80.6093439 16.2668368, 80.6100051 16.2664036, 80.6102575 16.2668325, 80.610157 16.2669011, 80.610501 16.2674393, 80.6100341 16.2677266, 80.6113252 16.2690368, 80.6126029 16.2704133, 80.6139855 16.2718693, 80.6156898 16.2734753, 80.6166324 16.2743051, 80.6182407 16.2757845, 80.618473 16.275984, 80.6187031 16.2758038, 80.6196948 16.2768116, 80.6194245 16.277011, 80.6197663 16.2773755, 80.6203314 16.2769896, 80.6206307 16.2773519, 80.6209434 16.2770282, 80.6205615 16.276505, 80.6202488 16.276237, 80.6198847 16.2759968, 80.6197015 16.2758038, 80.6193151 16.2752742, 80.6187165 16.2745517, 80.6184372 16.2743694, 80.6182116 16.2741957, 80.6178922 16.2738505, 80.6176264 16.2736682, 80.6174276 16.273471, 80.6172333 16.2731794, 80.6165409 16.2719679, 80.6161098 16.2721652, 80.6159757 16.2718049, 80.6163644 16.2716356, 80.6160964 16.2711724, 80.6150063 16.2716055, 80.61485 16.2713096, 80.615902 16.2708937, 80.615424 16.2701325, 80.6147405 16.2704391, 80.6145328 16.2700917, 80.6151917 16.2697615, 80.614975 16.2694163, 80.6146579 16.2690518, 80.6134383 16.2679754, 80.6125828 16.2672892, 80.6119976 16.2667145, 80.61183 16.2665044, 80.6116692 16.2662449, 80.6114726 16.2657625, 80.6110773 16.2655481, 80.6103915 16.2651599, 80.6102843 16.2649176, 80.6100677 16.2641178))",,,farmland,,,,,,,,,Autumn,,,
Unknown,Tenali,,,28.94,43.0,5.08,,,,,,,65.21,78.19,1.84,244.62,5.23,128.18,,way,1341774340.0,"POLYGON ((80.6092507 16.2670536, 80.6115762 16.2694714, 80.6122575 16.270182, 80.6115091 16.2704266, 80.610337 16.2707536, 80.6067428 16.2698293, 80.6072847 16.2693169, 80.608143 16.2685084, 80.6087625 16.2679136, 80.6089771 16.2675866, 80.6092507 16.2670536))",,,farmland,,,,,,,,,Autumn,,,
Unknown,Tenali,,,28.94,43.0,5.08,,,,,,,65.21,78.19,1.84,244.62,5.23,128.18,,way,1341774867.0,"POLYGON ((80.6084782 16.2638994, 80.605568 16.2649088, 80.6046722 16.2651611, 80.6029743 16.2655731, 80.6016601 16.2637964, 80.6010566 16.2614687, 80.6020168 16.2613683, 80.603264 16.2613812, 80.6047312 16.2617443, 80.6061125 16.262115, 80.60718 16.2627922, 80.6077996 16.2630626, 80.608269 16.2635595, 80.6084782 16.2638994))",,,farmland,,,,,,,,,Autumn,,,
Unknown,Tenali,,,28.94,43.0,5.08,,,,,,,65.21,78.19,1.84,244.62,5.23,128.18,,way,1341783323.0,"POLYGON ((80.6137512 16.2622313, 80.6135529 16.2618477, 80.6133457 16.2618929, 80.6131774 16.2614824, 80.6130082 16.2610176, 80.612355 16.2612424, 80.611791 16.2614639, 80.6115398 16.260326, 80.6111803 16.2589319, 80.6120876 16.2584911, 80.6125303 16.2596597, 80.6131094 16.2594423, 80.6142951 16.2606419, 80.6151633 16.2614069, 80.615351 16.261663, 80.6141328 16.2621836, 80.6140768 16.2621331, 80.6137512 16.2622313))",,,farmland,,,,,,,,,Autumn,,,
Unknown,Tenali,,,28.94,43.0,5.08,,,,,,,65.21,78.19,1.84,244.62,5.23,128.18,,way,1341783325.0,"POLYGON ((80.6160896 16.2562259, 80.6161617 16.2562416, 80.6166054 16.257331, 80.6165743 16.2574033, 80.6166594 16.2587536, 80.6167773 16.2590585, 80.6174356 16.2604937, 80.6182608 16.2622811, 80.6182413 16.2623534, 80.6163146 16.2628727, 80.6156955 16.2619627, 80.6157588 16.2619262, 80.615667 16.2617939, 80.6155925 16.2617954, 80.6152663 16.2613864, 80.6149241 16.261099, 80.6141354 16.2603616, 80.6131598 16.2594219, 80.6124977 16.2572674, 80.6127923 16.2570302, 80.6133245 16.2564737, 80.6134179 16.2564053, 80.613551 16.256384, 80.6149558 16.256384, 80.6160896 16.2562259))",,,farmland,,,,,,,,,Autumn,,,
Unknown,Tenali,,,28.94,43.0,5.08,,,,,,,65.21,78.19,1.84,244.62,5.23,128.18,,way,1342376826.0,"POLYGON ((80.6076713 16.2573637, 80.6063994 16.2577226, 80.6030473 16.2585703, 80.6035486 16.2606673, 80.6036242 16.2607275, 80.605977 16.2613082, 80.6059511 16.2608063, 80.6063141 16.2608436, 80.6064848 16.2603624, 80.6066728 16.2600679, 80.606999 16.2597091, 80.6073922 16.2594996, 80.6092089 16.2586827, 80.6091032 16.2583014, 80.6089559 16.2583629, 80.6087252 16.2576526, 80.6076713 16.2573637))",,,farmland,,,,,,,,,Autumn,,,
Unknown,Tenali,,,28.94,43.0,5.08,,,,,,,65.21,78.19,1.84,244.62,5.23,128.18,,way,1342376834.0,"POLYGON ((80.6114513 16.2603489, 80.6112264 16.260407, 80.6109161 16.2604816, 80.6107708 16.2592593, 80.6106688 16.258475, 80.6106309 16.2582732, 80.6107963 16.2581845, 80.6109135 16.2581838, 80.6111886 16.2592652, 80.6114513 16.2603489))",,,farmland,,,,,,,,,Autumn,,,
Unknown,Tenali,,,28.94,43.0,5.08,,,,,,,65.21,78.19,1.84,244.62,5.23,128.18,,way,1342413769.0,"POLYGON ((80.6028837 16.2482234, 80.6025481 16.2473004, 80.6033753 16.2468609, 80.604624 16.2463143, 80.6051368 16.2475451, 80.6039579 16.2481531, 80.6038338 16.2478824, 80.6028837 16.2482234))",,,farmland,,,,,,,,,Autumn,,,
Unknown,Tenali,,,28.94,43.0,5.08,,,,,,,65.21,78.19,1.84,244.62,5.23,128.18,,way,1344087415.0,"POLYGON ((80.6288866 16.2882643, 80.6292214 16.2860482, 80.6316332 16.2858751, 80.6315646 16.2871357, 80.6303458 16.2871686, 80.6303973 16.2874817, 80.6316676 16.2874075, 80.631659 16.287803, 80.6307578 16.287803, 80.6308814 16.2879006, 80.6309122 16.2881161, 80.6317191 16.2880501, 80.6317706 16.2884374, 80.6303801 16.2884621, 80.62929 16.2884703, 80.6291613 16.2884621, 80.6288866 16.2882643))",,,farmland,,,,,,,,,Autumn,,,
Unknown,Tenali,,,28.94,43.0,5.08,,,,,,,65.21,78.19,1.84,244.62,5.23,128.18,,way,1344087416.0,"POLYGON ((80.6292042 16.2858999, 80.6315302 16.2856939, 80.6315474 16.2855291, 80.6306633 16.2856362, 80.6303351 16.2844623, 80.6293391 16.2848622, 80.6292366 16.2851216, 80.6292042 16.2858999))",,,farmland,,,,,,,,,Autumn,,,
Unknown,Tenali,,,28.94,43.0,5.08,,,,,,,65.21,78.19,1.84,244.62,5.23,128.18,,way,1344087417.0,"POLYGON ((80.6293841 16.2847097, 80.6302879 16.2843987, 80.6302879 16.2839611, 80.6310637 16.2834237, 80.6309558 16.2831358, 80.6304399 16.2833316, 80.6303799 16.2832586, 80.6295321 16.2832663, 80.6293841 16.2847097))",,,farmland,,,,,,,,,Autumn,,,
Unknown,Tenali,,,28.94,43.0,5.08,,,,,,,65.21,78.19,1.84,244.62,5.23,128.18,,way,1387880342.0,"POLYGON ((80.612652 16.2790038, 80.6125181 16.2787473, 80.6131929 16.2784851, 80.6133124 16.2787383, 80.612652 16.2790038))",,,farmland,,,,,,,,,Autumn,,,
Unknown,Tenali,,,28.94,43.0,5.08,,,,,,,65.21,78.19,1.84,244.62,5.23,128.18,,way,1387880343.0,"POLYGON ((80.6127323 16.2783223, 80.6125073 16.2777842, 80.6128878 16.2776326, 80.6130879 16.2781717, 80.6127323 16.2783223))",,,farmland,,,,,,,,,Autumn,,,
Unknown,Tenali,,,28.94,43.0,5.08,,,,,,,65.21,78.19,1.84,244.62,5.23,128.18,,way,1387880344.0,"POLYGON ((80.6125052 16.2787396, 80.612362 16.2784335, 80.6126503 16.278303, 80.6127908 16.2786201, 80.6125052 16.2787396))",,,farmland,,,,,,,,,Autumn,,,
Unknown,Tenali,,,28.94,43.0,5.08,,,,,,,65.21,78.19,1.84,244.62,5.23,128.18,,way,1387880345.0,"POLYGON ((80.612836 16.2785925, 80.6127388 16.2783974, 80.6133516 16.2781117, 80.6134369 16.2783598, 80.612836 16.2785925))",,,farmland,,,,,,,,,Autumn,,,
Unknown,Tenali,,,28.94,43.0,5.08,,,,,,,65.21,78.19,1.84,244.62,5.23,128.18,,way,1387880346.0,"POLYGON ((80.6129243 16.279545, 80.6126553 16.2790654, 80.6135371 16.2786881, 80.6137568 16.2791971, 80.6129243 16.279545))",,,farmland,,,,,,,,,Autumn,,,
Unknown,Tenali,,,28.94,43.0,5.08,,,,,,,65.21,78.19,1.84,244.62,5.23,128.18,,way,1387880347.0,"POLYGON ((80.6133433 16.2786771, 80.6132463 16.2784834, 80.613428 16.2784123, 80.6135158 16.2786067, 80.6133433 16.2786771))",,,farmland,,,,,,,,,Autumn,,,
Unknown,Tenali,,,28.94,43.0,5.08,,,,,,,65.21,78.19,1.84,244.62,5.23,128.18,,way,1387880348.0,"POLYGON ((80.6122904 16.2783876, 80.6126387 16.2782632, 80.6124472 16.2777542, 80.6128153 16.2775933, 80.6127691 16.2774811, 80.6119833 16.2777858, 80.6122904 16.2783876))",,,farmland,,,,,,,,,Autumn,,,
Unknown,Tenali,,,28.94,43.0,5.08,,,,,,,65.21,78.19,1.84,244.62,5.23,128.18,,way,1415335855.0,"POLYGON ((80.6472036 16.2933206, 80.6478281 16.2932464, 80.6477422 16.2925936, 80.6470556 16.2927748, 80.6472036 16.2933206))",,,farmland,,,,,,,,,Autumn,,,
Unknown,Tenali,,,28.94,43.0,5.08,,,,,,,65.21,78.19,1.84,244.62,5.23,128.18,,way,1416499985.0,"POLYGON ((80.6447191 16.2451389, 80.6455055 16.2453204, 80.6458235 16.2442643, 80.645759 16.2441322, 80.6449984 16.2439342, 80.6447191 16.2451389))",,"APSRTC Bus Depot, Tenali",industrial,wall,bus,depot,APSRTC,Q4754395,,,,Autumn,,,
OpenWeatherMap,Visakhapatnam,17.6868,83.2185,25.35,58.0,3.01,111.0,2026-02-20 12:45:33.043377,OpenWeather Air Pollution API,Visakhapatnam,17.6868,83.2185,68.14,79.92,1.19,260.44,2.21,128.18,2026-02-20T12:45:33.043377,,,,,,,,,,,,12.0,4.0,2.0,Winter,,,
OpenWeatherMap,Tenali,16.242,80.64,26.79,49.0,5.16,119.0,2026-02-20 12:46:27.491013,OpenWeather Air Pollution API,Tenali,16.242,80.64,64.6,78.19,0.95,257.28,1.3,108.86,2026-02-20T12:46:27.491013,,,,,,,,,,,,12.0,4.0,2.0,Winter,,,
OpenWeatherMap,Visakhapatnam,17.6868,83.2185,25.35,58.0,3.01,111.0,2026-02-20 12:58:44.931142,OpenWeather Air Pollution API,Visakhapatnam,17.6868,83.2185,68.14,79.92,1.19,260.44,2.21,128.18,2026-02-20T12:58:44.931142,,,,,,,,,,,,12.0,4.0,2.0,Winter,,,
OpenWeatherMap,Hyderabad,17.385,78.4867,34.45,21.0,1.26,6.0,2026-03-02 10:24:14.404208,OpenWeather Air Pollution API,Hyderabad,17.385,78.4867,64.46,70.71,1.84,224.29,7.09,142.74,2026-03-02T10:24:14.404208,,,,,,,,,,,,10.0,0.0,3.0,Spring,,,
OpenWeatherMap,Hyderabad,17.385,78.4867,34.48,21.0,1.22,23.0,2026-03-02 10:41:59.746310,OpenWeatherMap Air Pollution,Hyderabad,17.385,78.4867,65.21,71.62,2.59,230.88,7.48,141.05,2026-03-02T10:41:59.746310,,,,,,,,,,,,10.0,0.0,3.0,Spring,,,
OpenWeatherMap,Vijayawada,16.51,80.62,28.85,47.0,5.95,182.0,2026-03-02 12:51:16.751996,OpenWeatherMap Air Pollution,Vijayawada,16.51,80.62,68.93,80.76,2.23,208.11,6.5,142.34,2026-03-02T12:51:16.751996,,,,,,,,,,,,12.0,0.0,3.0,Spring,,,
OpenWeatherMap,Mumbai,19.04,72.86,30.75,41.0,2.81,300.0,2026-03-13 06:08:26.410386,OpenWeatherMap Air Pollution,Mumbai,19.04,72.86,89.89,117.67,3.52,391.41,18.19,144.82,2026-03-13T06:08:26.410386,,,,,,,,,,,,6.0,4.0,3.0,Spring,,,
OpenWeatherMap,Kochi,9.9312,76.2673,28.94,70.0,7.13,252.0,2026-03-13 10:52:37.797542,OpenWeatherMap Air Pollution,Kochi,9.9312,76.2673,17.88,21.03,0.27,185.41,0.5,70.26,2026-03-13T10:52:37.797542,,,,,,,,,,,,10.0,4.0,3.0,Spring,,,
OpenWeatherMap,Tenali,16.2379,80.6444,32.32,43.0,7.52,171.0,2026-03-13 11:33:34.771295,OpenWeatherMap Air Pollution,Tenali,16.2379,80.6444,40.21,49.92,2.11,244.62,7.22,121.16,2026-03-13T11:33:34.771295,,,,,,,,,,,,11.0,4.0,3.0,Spring,,,
OpenWeatherMap,Bangalore ,12.9629,77.5775,31.62,17.0,5.08,102.0,2026-03-13 11:35:32.647927,OpenWeatherMap Air Pollution,Bangalore ,12.9629,77.5775,40.2,47.14,3.41,211.69,5.23,125.96,2026-03-13T11:35:32.647927,,,,,,,,,,,,11.0,4.0,3.0,Spring,,,
